image_path,label
/content/brain_tumor_dataset/yes/aug_Y_146_0_9131.jpg,1
/content/brain_tumor_dataset/yes/aug_Y_32_0_9649.jpg,1
/content/brain_tumor_dataset/yes/aug_Y_63_0_7403.jpg,1
/content/brain_tumor_dataset/yes/aug_Y_63_0_5400.jpg,1
/content/brain_tumor_dataset/yes/aug_Y_33_0_3405.jpg,1
/content/brain_tumor_dataset/yes/aug_Y_98_0_541.jpg,1
/content/brain_tumor_dataset/yes/aug_Y_150_0_3544.jpg,1
/content/brain_tumor_dataset/yes/aug_Y_102_0_8101.jpg,1
/content/brain_tumor_dataset/yes/aug_Y_141_0_4014.jpg,1
/content/brain_tumor_dataset/yes/aug_Y_101_0_9245.jpg,1
/content/brain_tumor_dataset/yes/aug_Y_23_0_2075.jpg,1
/content/brain_tumor_dataset/yes/aug_Y_104_0_4298.jpg,1
/content/brain_tumor_dataset/yes/aug_Y_29_0_2608.jpg,1
/content/brain_tumor_dataset/yes/aug_Y_52_0_2746.jpg,1
/content/brain_tumor_dataset/yes/aug_Y_131_0_9298.jpg,1
/content/brain_tumor_dataset/yes/aug_Y_82_0_6305.jpg,1
/content/brain_tumor_dataset/yes/aug_Y_86_0_8986.jpg,1
/content/brain_tumor_dataset/yes/aug_Y_130_0_6103.jpg,1
/content/brain_tumor_dataset/yes/aug_Y_41_0_4399.jpg,1
/content/brain_tumor_dataset/yes/aug_Y_137_0_3180.jpg,1
/content/brain_tumor_dataset/yes/aug_Y_60_0_3163.jpg,1
/content/brain_tumor_dataset/yes/aug_Y_44_0_7544.jpg,1
/content/brain_tumor_dataset/yes/aug_Y_73_0_3601.jpg,1
/content/brain_tumor_dataset/yes/aug_Y_74_0_31.jpg,1
/content/brain_tumor_dataset/yes/aug_Y_134_0_7393.jpg,1
/content/brain_tumor_dataset/yes/aug_Y_16_0_4815.jpg,1
/content/brain_tumor_dataset/yes/aug_Y_108_0_4789.jpg,1
/content/brain_tumor_dataset/yes/aug_Y_38_0_5869.jpg,1
/content/brain_tumor_dataset/yes/aug_Y_9_0_7383.jpg,1
/content/brain_tumor_dataset/yes/aug_Y_40_0_6436.jpg,1
/content/brain_tumor_dataset/yes/aug_Y_154_0_2433.jpg,1
/content/brain_tumor_dataset/yes/aug_Y_6_0_6821.jpg,1
/content/brain_tumor_dataset/yes/aug_Y_150_0_871.jpg,1
/content/brain_tumor_dataset/yes/aug_Y_155_0_9163.jpg,1
/content/brain_tumor_dataset/yes/aug_Y_51_0_7854.jpg,1
/content/brain_tumor_dataset/yes/aug_Y_31_0_6842.jpg,1
/content/brain_tumor_dataset/yes/aug_Y_155_0_7043.jpg,1
/content/brain_tumor_dataset/yes/aug_Y_7_0_6617.jpg,1
/content/brain_tumor_dataset/yes/aug_Y_110_0_3444.jpg,1
/content/brain_tumor_dataset/yes/aug_Y_127_0_5457.jpg,1
/content/brain_tumor_dataset/yes/aug_Y_31_0_7824.jpg,1
/content/brain_tumor_dataset/yes/aug_Y_79_0_5251.jpg,1
/content/brain_tumor_dataset/yes/aug_Y_147_0_6761.jpg,1
/content/brain_tumor_dataset/yes/aug_Y_102_0_4611.jpg,1
/content/brain_tumor_dataset/yes/aug_Y_56_0_1734.jpg,1
/content/brain_tumor_dataset/yes/aug_Y_154_0_4806.jpg,1
/content/brain_tumor_dataset/yes/aug_Y_46_0_7497.jpg,1
/content/brain_tumor_dataset/yes/aug_Y_72_0_7280.jpg,1
/content/brain_tumor_dataset/yes/aug_Y_94_0_3415.jpg,1
/content/brain_tumor_dataset/yes/aug_Y_35_0_898.jpg,1
/content/brain_tumor_dataset/yes/aug_Y_100_0_1740.jpg,1
/content/brain_tumor_dataset/yes/aug_Y_109_0_5987.jpg,1
/content/brain_tumor_dataset/yes/aug_Y_94_0_7566.jpg,1
/content/brain_tumor_dataset/yes/aug_Y_5_0_9880.jpg,1
/content/brain_tumor_dataset/yes/aug_Y_96_0_5883.jpg,1
/content/brain_tumor_dataset/yes/aug_Y_2_0_8919.jpg,1
/content/brain_tumor_dataset/yes/aug_Y_56_0_2858.jpg,1
/content/brain_tumor_dataset/yes/aug_Y_137_0_7502.jpg,1
/content/brain_tumor_dataset/yes/aug_Y_144_0_1363.jpg,1
/content/brain_tumor_dataset/yes/aug_Y_137_0_7253.jpg,1
/content/brain_tumor_dataset/yes/aug_Y_98_0_8413.jpg,1
/content/brain_tumor_dataset/yes/aug_Y_147_0_1168.jpg,1
/content/brain_tumor_dataset/yes/aug_Y_89_0_5281.jpg,1
/content/brain_tumor_dataset/yes/aug_Y_125_0_7267.jpg,1
/content/brain_tumor_dataset/yes/aug_Y_67_0_7915.jpg,1
/content/brain_tumor_dataset/yes/aug_Y_8_0_6541.jpg,1
/content/brain_tumor_dataset/yes/aug_Y_121_0_1572.jpg,1
/content/brain_tumor_dataset/yes/aug_Y_112_0_9132.jpg,1
/content/brain_tumor_dataset/yes/aug_Y_12_0_6418.jpg,1
/content/brain_tumor_dataset/yes/aug_Y_96_0_3267.jpg,1
/content/brain_tumor_dataset/yes/aug_Y_47_0_1538.jpg,1
/content/brain_tumor_dataset/yes/aug_Y_134_0_9930.jpg,1
/content/brain_tumor_dataset/yes/aug_Y_83_0_5700.jpg,1
/content/brain_tumor_dataset/yes/aug_Y_1_0_3752.jpg,1
/content/brain_tumor_dataset/yes/aug_Y_77_0_690.jpg,1
/content/brain_tumor_dataset/yes/aug_Y_120_0_5059.jpg,1
/content/brain_tumor_dataset/yes/aug_Y_154_0_4294.jpg,1
/content/brain_tumor_dataset/yes/aug_Y_112_0_1625.jpg,1
/content/brain_tumor_dataset/yes/aug_Y_26_0_1775.jpg,1
/content/brain_tumor_dataset/yes/aug_Y_149_0_706.jpg,1
/content/brain_tumor_dataset/yes/aug_Y_111_0_901.jpg,1
/content/brain_tumor_dataset/yes/aug_Y_121_0_9775.jpg,1
/content/brain_tumor_dataset/yes/aug_Y_133_0_8066.jpg,1
/content/brain_tumor_dataset/yes/aug_Y_53_0_8174.jpg,1
/content/brain_tumor_dataset/yes/aug_Y_27_0_2713.jpg,1
/content/brain_tumor_dataset/yes/aug_Y_23_0_48.jpg,1
/content/brain_tumor_dataset/yes/aug_Y_53_0_666.jpg,1
/content/brain_tumor_dataset/yes/aug_Y_68_0_5771.jpg,1
/content/brain_tumor_dataset/yes/aug_Y_31_0_7321.jpg,1
/content/brain_tumor_dataset/yes/aug_Y_130_0_6418.jpg,1
/content/brain_tumor_dataset/yes/aug_Y_11_0_6034.jpg,1
/content/brain_tumor_dataset/yes/aug_Y_137_0_5882.jpg,1
/content/brain_tumor_dataset/yes/aug_Y_91_0_2117.jpg,1
/content/brain_tumor_dataset/yes/aug_Y_25_0_2853.jpg,1
/content/brain_tumor_dataset/yes/aug_Y_82_0_834.jpg,1
/content/brain_tumor_dataset/yes/aug_Y_42_0_1371.jpg,1
/content/brain_tumor_dataset/yes/aug_Y_99_0_6214.jpg,1
/content/brain_tumor_dataset/yes/aug_Y_133_0_7212.jpg,1
/content/brain_tumor_dataset/yes/aug_Y_110_0_96.jpg,1
/content/brain_tumor_dataset/yes/aug_Y_76_0_8839.jpg,1
/content/brain_tumor_dataset/yes/aug_Y_123_0_569.jpg,1
/content/brain_tumor_dataset/yes/aug_Y_30_0_9854.jpg,1
/content/brain_tumor_dataset/yes/aug_Y_48_0_1684.jpg,1
/content/brain_tumor_dataset/yes/aug_Y_8_0_1914.jpg,1
/content/brain_tumor_dataset/yes/aug_Y_144_0_3816.jpg,1
/content/brain_tumor_dataset/yes/aug_Y_98_0_3360.jpg,1
/content/brain_tumor_dataset/yes/aug_Y_91_0_747.jpg,1
/content/brain_tumor_dataset/yes/aug_Y_81_0_750.jpg,1
/content/brain_tumor_dataset/yes/aug_Y_70_0_2313.jpg,1
/content/brain_tumor_dataset/yes/aug_Y_46_0_6841.jpg,1
/content/brain_tumor_dataset/yes/aug_Y_51_0_6392.jpg,1
/content/brain_tumor_dataset/yes/aug_Y_58_0_3161.jpg,1
/content/brain_tumor_dataset/yes/aug_Y_148_0_7.jpg,1
/content/brain_tumor_dataset/yes/aug_Y_128_0_9374.jpg,1
/content/brain_tumor_dataset/yes/aug_Y_6_0_5465.jpg,1
/content/brain_tumor_dataset/yes/aug_Y_155_0_6344.jpg,1
/content/brain_tumor_dataset/yes/aug_Y_139_0_3235.jpg,1
/content/brain_tumor_dataset/yes/aug_Y_40_0_2100.jpg,1
/content/brain_tumor_dataset/yes/aug_Y_29_0_8369.jpg,1
/content/brain_tumor_dataset/yes/aug_Y_98_0_3002.jpg,1
/content/brain_tumor_dataset/yes/aug_Y_137_0_5554.jpg,1
/content/brain_tumor_dataset/yes/aug_Y_111_0_10.jpg,1
/content/brain_tumor_dataset/yes/aug_Y_114_0_5710.jpg,1
/content/brain_tumor_dataset/yes/aug_Y_60_0_4141.jpg,1
/content/brain_tumor_dataset/yes/aug_Y_143_0_4067.jpg,1
/content/brain_tumor_dataset/yes/aug_Y_8_0_3991.jpg,1
/content/brain_tumor_dataset/yes/aug_Y_96_0_1958.jpg,1
/content/brain_tumor_dataset/yes/aug_Y_92_0_16.jpg,1
/content/brain_tumor_dataset/yes/aug_Y_97_0_2610.jpg,1
/content/brain_tumor_dataset/yes/aug_Y_32_0_7071.jpg,1
/content/brain_tumor_dataset/yes/aug_Y_126_0_963.jpg,1
/content/brain_tumor_dataset/yes/aug_Y_63_0_8403.jpg,1
/content/brain_tumor_dataset/yes/aug_Y_52_0_6708.jpg,1
/content/brain_tumor_dataset/yes/aug_Y_62_0_9007.jpg,1
/content/brain_tumor_dataset/yes/aug_Y_22_0_3675.jpg,1
/content/brain_tumor_dataset/yes/aug_Y_118_0_5003.jpg,1
/content/brain_tumor_dataset/yes/aug_Y_9_0_4627.jpg,1
/content/brain_tumor_dataset/yes/aug_Y_29_0_5100.jpg,1
/content/brain_tumor_dataset/yes/aug_Y_23_0_4080.jpg,1
/content/brain_tumor_dataset/yes/aug_Y_59_0_6959.jpg,1
/content/brain_tumor_dataset/yes/aug_Y_76_0_9834.jpg,1
/content/brain_tumor_dataset/yes/aug_Y_117_0_5862.jpg,1
/content/brain_tumor_dataset/yes/aug_Y_84_0_1105.jpg,1
/content/brain_tumor_dataset/yes/aug_Y_120_0_6705.jpg,1
/content/brain_tumor_dataset/yes/aug_Y_80_0_4308.jpg,1
/content/brain_tumor_dataset/yes/aug_Y_66_0_994.jpg,1
/content/brain_tumor_dataset/yes/aug_Y_64_0_132.jpg,1
/content/brain_tumor_dataset/yes/aug_Y_151_0_2489.jpg,1
/content/brain_tumor_dataset/yes/aug_Y_24_0_9159.jpg,1
/content/brain_tumor_dataset/yes/aug_Y_118_0_9533.jpg,1
/content/brain_tumor_dataset/yes/aug_Y_44_0_912.jpg,1
/content/brain_tumor_dataset/yes/aug_Y_59_0_1602.jpg,1
/content/brain_tumor_dataset/yes/aug_Y_125_0_4008.jpg,1
/content/brain_tumor_dataset/yes/aug_Y_33_0_6148.jpg,1
/content/brain_tumor_dataset/yes/aug_Y_74_0_8709.jpg,1
/content/brain_tumor_dataset/yes/aug_Y_82_0_4947.jpg,1
/content/brain_tumor_dataset/yes/aug_Y_76_0_51.jpg,1
/content/brain_tumor_dataset/yes/aug_Y_53_0_9792.jpg,1
/content/brain_tumor_dataset/yes/aug_Y_100_0_2836.jpg,1
/content/brain_tumor_dataset/yes/aug_Y_67_0_6310.jpg,1
/content/brain_tumor_dataset/yes/aug_Y_145_0_5659.jpg,1
/content/brain_tumor_dataset/yes/aug_Y_127_0_2975.jpg,1
/content/brain_tumor_dataset/yes/aug_Y_7_0_4556.jpg,1
/content/brain_tumor_dataset/yes/aug_Y_85_0_3479.jpg,1
/content/brain_tumor_dataset/yes/aug_Y_90_0_4606.jpg,1
/content/brain_tumor_dataset/yes/aug_Y_49_0_2006.jpg,1
/content/brain_tumor_dataset/yes/aug_Y_49_0_8143.jpg,1
/content/brain_tumor_dataset/yes/aug_Y_58_0_7137.jpg,1
/content/brain_tumor_dataset/yes/aug_Y_1_0_2610.jpg,1
/content/brain_tumor_dataset/yes/aug_Y_122_0_3374.jpg,1
/content/brain_tumor_dataset/yes/aug_Y_115_0_6886.jpg,1
/content/brain_tumor_dataset/yes/aug_Y_113_0_2004.jpg,1
/content/brain_tumor_dataset/yes/aug_Y_128_0_7829.jpg,1
/content/brain_tumor_dataset/yes/aug_Y_96_0_1993.jpg,1
/content/brain_tumor_dataset/yes/aug_Y_66_0_5867.jpg,1
/content/brain_tumor_dataset/yes/aug_Y_43_0_1990.jpg,1
/content/brain_tumor_dataset/yes/aug_Y_17_0_4279.jpg,1
/content/brain_tumor_dataset/yes/aug_Y_83_0_3784.jpg,1
/content/brain_tumor_dataset/yes/aug_Y_120_0_3753.jpg,1
/content/brain_tumor_dataset/yes/aug_Y_92_0_8006.jpg,1
/content/brain_tumor_dataset/yes/aug_Y_65_0_8483.jpg,1
/content/brain_tumor_dataset/yes/aug_Y_26_0_8999.jpg,1
/content/brain_tumor_dataset/yes/aug_Y_49_0_1465.jpg,1
/content/brain_tumor_dataset/yes/aug_Y_47_0_2067.jpg,1
/content/brain_tumor_dataset/yes/aug_Y_61_0_9907.jpg,1
/content/brain_tumor_dataset/yes/aug_Y_9_0_2543.jpg,1
/content/brain_tumor_dataset/yes/aug_Y_18_0_7239.jpg,1
/content/brain_tumor_dataset/yes/aug_Y_38_0_8352.jpg,1
/content/brain_tumor_dataset/yes/aug_Y_148_0_425.jpg,1
/content/brain_tumor_dataset/yes/aug_Y_87_0_8567.jpg,1
/content/brain_tumor_dataset/yes/aug_Y_60_0_9253.jpg,1
/content/brain_tumor_dataset/yes/aug_Y_128_0_3220.jpg,1
/content/brain_tumor_dataset/yes/aug_Y_92_0_7753.jpg,1
/content/brain_tumor_dataset/yes/aug_Y_147_0_669.jpg,1
/content/brain_tumor_dataset/yes/aug_Y_109_0_1493.jpg,1
/content/brain_tumor_dataset/yes/aug_Y_24_0_6642.jpg,1
/content/brain_tumor_dataset/yes/aug_Y_113_0_3394.jpg,1
/content/brain_tumor_dataset/yes/aug_Y_142_0_2690.jpg,1
/content/brain_tumor_dataset/yes/aug_Y_121_0_5646.jpg,1
/content/brain_tumor_dataset/yes/aug_Y_41_0_1760.jpg,1
/content/brain_tumor_dataset/yes/aug_Y_90_0_7834.jpg,1
/content/brain_tumor_dataset/yes/aug_Y_140_0_5347.jpg,1
/content/brain_tumor_dataset/yes/aug_Y_52_0_3720.jpg,1
/content/brain_tumor_dataset/yes/aug_Y_83_0_5062.jpg,1
/content/brain_tumor_dataset/yes/aug_Y_101_0_6844.jpg,1
/content/brain_tumor_dataset/yes/aug_Y_144_0_5132.jpg,1
/content/brain_tumor_dataset/yes/aug_Y_127_0_2773.jpg,1
/content/brain_tumor_dataset/yes/aug_Y_55_0_4893.jpg,1
/content/brain_tumor_dataset/yes/aug_Y_74_0_2145.jpg,1
/content/brain_tumor_dataset/yes/aug_Y_123_0_2195.jpg,1
/content/brain_tumor_dataset/yes/aug_Y_63_0_2413.jpg,1
/content/brain_tumor_dataset/yes/aug_Y_131_0_8862.jpg,1
/content/brain_tumor_dataset/yes/aug_Y_81_0_7321.jpg,1
/content/brain_tumor_dataset/yes/aug_Y_115_0_544.jpg,1
/content/brain_tumor_dataset/yes/aug_Y_123_0_3524.jpg,1
/content/brain_tumor_dataset/yes/aug_Y_114_0_7324.jpg,1
/content/brain_tumor_dataset/yes/aug_Y_85_0_6385.jpg,1
/content/brain_tumor_dataset/yes/aug_Y_142_0_1944.jpg,1
/content/brain_tumor_dataset/yes/aug_Y_30_0_3246.jpg,1
/content/brain_tumor_dataset/yes/aug_Y_78_0_4080.jpg,1
/content/brain_tumor_dataset/yes/aug_Y_18_0_382.jpg,1
/content/brain_tumor_dataset/yes/aug_Y_42_0_1106.jpg,1
/content/brain_tumor_dataset/yes/aug_Y_33_0_4612.jpg,1
/content/brain_tumor_dataset/yes/aug_Y_92_0_7288.jpg,1
/content/brain_tumor_dataset/yes/aug_Y_79_0_532.jpg,1
/content/brain_tumor_dataset/yes/aug_Y_22_0_2660.jpg,1
/content/brain_tumor_dataset/yes/aug_Y_121_0_8371.jpg,1
/content/brain_tumor_dataset/yes/aug_Y_16_0_4344.jpg,1
/content/brain_tumor_dataset/yes/aug_Y_3_0_6318.jpg,1
/content/brain_tumor_dataset/yes/aug_Y_99_0_4243.jpg,1
/content/brain_tumor_dataset/yes/aug_Y_94_0_3639.jpg,1
/content/brain_tumor_dataset/yes/aug_Y_114_0_2059.jpg,1
/content/brain_tumor_dataset/yes/aug_Y_129_0_1695.jpg,1
/content/brain_tumor_dataset/yes/aug_Y_44_0_713.jpg,1
/content/brain_tumor_dataset/yes/aug_Y_149_0_7651.jpg,1
/content/brain_tumor_dataset/yes/aug_Y_64_0_1999.jpg,1
/content/brain_tumor_dataset/yes/aug_Y_124_0_2752.jpg,1
/content/brain_tumor_dataset/yes/aug_Y_57_0_84.jpg,1
/content/brain_tumor_dataset/yes/aug_Y_59_0_8497.jpg,1
/content/brain_tumor_dataset/yes/aug_Y_88_0_5586.jpg,1
/content/brain_tumor_dataset/yes/aug_Y_26_0_6277.jpg,1
/content/brain_tumor_dataset/yes/aug_Y_117_0_5416.jpg,1
/content/brain_tumor_dataset/yes/aug_Y_83_0_6915.jpg,1
/content/brain_tumor_dataset/yes/aug_Y_125_0_3230.jpg,1
/content/brain_tumor_dataset/yes/aug_Y_9_0_8537.jpg,1
/content/brain_tumor_dataset/yes/aug_Y_62_0_2647.jpg,1
/content/brain_tumor_dataset/yes/aug_Y_50_0_1909.jpg,1
/content/brain_tumor_dataset/yes/aug_Y_53_0_1198.jpg,1
/content/brain_tumor_dataset/yes/aug_Y_34_0_4205.jpg,1
/content/brain_tumor_dataset/yes/aug_Y_127_0_5436.jpg,1
/content/brain_tumor_dataset/yes/aug_Y_3_0_5888.jpg,1
/content/brain_tumor_dataset/yes/aug_Y_108_0_6857.jpg,1
/content/brain_tumor_dataset/yes/aug_Y_45_0_2691.jpg,1
/content/brain_tumor_dataset/yes/aug_Y_12_0_2491.jpg,1
/content/brain_tumor_dataset/yes/aug_Y_33_0_275.jpg,1
/content/brain_tumor_dataset/yes/aug_Y_107_0_4855.jpg,1
/content/brain_tumor_dataset/yes/aug_Y_38_0_8383.jpg,1
/content/brain_tumor_dataset/yes/aug_Y_82_0_744.jpg,1
/content/brain_tumor_dataset/yes/aug_Y_143_0_5525.jpg,1
/content/brain_tumor_dataset/yes/aug_Y_95_0_1130.jpg,1
/content/brain_tumor_dataset/yes/aug_Y_93_0_8247.jpg,1
/content/brain_tumor_dataset/yes/aug_Y_121_0_8975.jpg,1
/content/brain_tumor_dataset/yes/aug_Y_103_0_205.jpg,1
/content/brain_tumor_dataset/yes/aug_Y_56_0_1867.jpg,1
/content/brain_tumor_dataset/yes/aug_Y_109_0_8632.jpg,1
/content/brain_tumor_dataset/yes/aug_Y_27_0_3422.jpg,1
/content/brain_tumor_dataset/yes/aug_Y_94_0_504.jpg,1
/content/brain_tumor_dataset/yes/aug_Y_7_0_544.jpg,1
/content/brain_tumor_dataset/yes/aug_Y_94_0_5224.jpg,1
/content/brain_tumor_dataset/yes/aug_Y_147_0_9725.jpg,1
/content/brain_tumor_dataset/yes/aug_Y_44_0_3737.jpg,1
/content/brain_tumor_dataset/yes/aug_Y_48_0_3079.jpg,1
/content/brain_tumor_dataset/yes/aug_Y_38_0_3131.jpg,1
/content/brain_tumor_dataset/yes/aug_Y_77_0_6978.jpg,1
/content/brain_tumor_dataset/yes/aug_Y_22_0_5999.jpg,1
/content/brain_tumor_dataset/yes/aug_Y_31_0_987.jpg,1
/content/brain_tumor_dataset/yes/aug_Y_153_0_4770.jpg,1
/content/brain_tumor_dataset/yes/aug_Y_73_0_600.jpg,1
/content/brain_tumor_dataset/yes/aug_Y_37_0_2223.jpg,1
/content/brain_tumor_dataset/yes/aug_Y_73_0_6812.jpg,1
/content/brain_tumor_dataset/yes/aug_Y_145_0_800.jpg,1
/content/brain_tumor_dataset/yes/aug_Y_119_0_9043.jpg,1
/content/brain_tumor_dataset/yes/aug_Y_139_0_8054.jpg,1
/content/brain_tumor_dataset/yes/aug_Y_49_0_908.jpg,1
/content/brain_tumor_dataset/yes/aug_Y_3_0_5902.jpg,1
/content/brain_tumor_dataset/yes/aug_Y_9_0_6134.jpg,1
/content/brain_tumor_dataset/yes/aug_Y_51_0_9856.jpg,1
/content/brain_tumor_dataset/yes/aug_Y_100_0_1369.jpg,1
/content/brain_tumor_dataset/yes/aug_Y_89_0_6251.jpg,1
/content/brain_tumor_dataset/yes/aug_Y_30_0_218.jpg,1
/content/brain_tumor_dataset/yes/aug_Y_14_0_27.jpg,1
/content/brain_tumor_dataset/yes/aug_Y_95_0_5922.jpg,1
/content/brain_tumor_dataset/yes/aug_Y_92_0_5840.jpg,1
/content/brain_tumor_dataset/yes/aug_Y_119_0_9333.jpg,1
/content/brain_tumor_dataset/yes/aug_Y_33_0_1797.jpg,1
/content/brain_tumor_dataset/yes/aug_Y_78_0_352.jpg,1
/content/brain_tumor_dataset/yes/aug_Y_46_0_8829.jpg,1
/content/brain_tumor_dataset/yes/aug_Y_54_0_2644.jpg,1
/content/brain_tumor_dataset/yes/aug_Y_112_0_7996.jpg,1
/content/brain_tumor_dataset/yes/aug_Y_125_0_8319.jpg,1
/content/brain_tumor_dataset/yes/aug_Y_16_0_9574.jpg,1
/content/brain_tumor_dataset/yes/aug_Y_37_0_7741.jpg,1
/content/brain_tumor_dataset/yes/aug_Y_74_0_3056.jpg,1
/content/brain_tumor_dataset/yes/aug_Y_109_0_3227.jpg,1
/content/brain_tumor_dataset/yes/aug_Y_68_0_6453.jpg,1
/content/brain_tumor_dataset/yes/aug_Y_19_0_6713.jpg,1
/content/brain_tumor_dataset/yes/aug_Y_73_0_8758.jpg,1
/content/brain_tumor_dataset/yes/aug_Y_116_0_5043.jpg,1
/content/brain_tumor_dataset/yes/aug_Y_146_0_1690.jpg,1
/content/brain_tumor_dataset/yes/aug_Y_85_0_1313.jpg,1
/content/brain_tumor_dataset/yes/aug_Y_21_0_4452.jpg,1
/content/brain_tumor_dataset/yes/aug_Y_113_0_998.jpg,1
/content/brain_tumor_dataset/yes/aug_Y_25_0_9349.jpg,1
/content/brain_tumor_dataset/yes/aug_Y_73_0_7512.jpg,1
/content/brain_tumor_dataset/yes/aug_Y_114_0_1863.jpg,1
/content/brain_tumor_dataset/yes/aug_Y_133_0_7845.jpg,1
/content/brain_tumor_dataset/yes/aug_Y_76_0_9815.jpg,1
/content/brain_tumor_dataset/yes/aug_Y_71_0_1997.jpg,1
/content/brain_tumor_dataset/yes/aug_Y_27_0_8378.jpg,1
/content/brain_tumor_dataset/yes/aug_Y_101_0_5624.jpg,1
/content/brain_tumor_dataset/yes/aug_Y_35_0_9448.jpg,1
/content/brain_tumor_dataset/yes/aug_Y_60_0_6203.jpg,1
/content/brain_tumor_dataset/yes/aug_Y_32_0_221.jpg,1
/content/brain_tumor_dataset/yes/aug_Y_122_0_5692.jpg,1
/content/brain_tumor_dataset/yes/aug_Y_37_0_5395.jpg,1
/content/brain_tumor_dataset/yes/aug_Y_125_0_2329.jpg,1
/content/brain_tumor_dataset/yes/aug_Y_113_0_4513.jpg,1
/content/brain_tumor_dataset/yes/aug_Y_106_0_7167.jpg,1
/content/brain_tumor_dataset/yes/aug_Y_122_0_6762.jpg,1
/content/brain_tumor_dataset/yes/aug_Y_126_0_7866.jpg,1
/content/brain_tumor_dataset/yes/aug_Y_25_0_5941.jpg,1
/content/brain_tumor_dataset/yes/aug_Y_118_0_2937.jpg,1
/content/brain_tumor_dataset/yes/aug_Y_10_0_5186.jpg,1
/content/brain_tumor_dataset/yes/aug_Y_78_0_2341.jpg,1
/content/brain_tumor_dataset/yes/aug_Y_18_0_4543.jpg,1
/content/brain_tumor_dataset/yes/aug_Y_115_0_8911.jpg,1
/content/brain_tumor_dataset/yes/aug_Y_87_0_2538.jpg,1
/content/brain_tumor_dataset/yes/aug_Y_132_0_3601.jpg,1
/content/brain_tumor_dataset/yes/aug_Y_64_0_1301.jpg,1
/content/brain_tumor_dataset/yes/aug_Y_144_0_2162.jpg,1
/content/brain_tumor_dataset/yes/aug_Y_63_0_697.jpg,1
/content/brain_tumor_dataset/yes/aug_Y_77_0_2194.jpg,1
/content/brain_tumor_dataset/yes/aug_Y_80_0_6141.jpg,1
/content/brain_tumor_dataset/yes/aug_Y_145_0_4523.jpg,1
/content/brain_tumor_dataset/yes/aug_Y_43_0_5046.jpg,1
/content/brain_tumor_dataset/yes/aug_Y_34_0_2512.jpg,1
/content/brain_tumor_dataset/yes/aug_Y_28_0_7218.jpg,1
/content/brain_tumor_dataset/yes/aug_Y_65_0_2288.jpg,1
/content/brain_tumor_dataset/yes/aug_Y_75_0_8047.jpg,1
/content/brain_tumor_dataset/yes/aug_Y_91_0_9823.jpg,1
/content/brain_tumor_dataset/yes/aug_Y_58_0_6677.jpg,1
/content/brain_tumor_dataset/yes/aug_Y_38_0_6669.jpg,1
/content/brain_tumor_dataset/yes/aug_Y_24_0_5110.jpg,1
/content/brain_tumor_dataset/yes/aug_Y_138_0_7665.jpg,1
/content/brain_tumor_dataset/yes/aug_Y_16_0_8307.jpg,1
/content/brain_tumor_dataset/yes/aug_Y_39_0_894.jpg,1
/content/brain_tumor_dataset/yes/aug_Y_61_0_9703.jpg,1
/content/brain_tumor_dataset/yes/aug_Y_15_0_1094.jpg,1
/content/brain_tumor_dataset/yes/aug_Y_105_0_1837.jpg,1
/content/brain_tumor_dataset/yes/aug_Y_78_0_3213.jpg,1
/content/brain_tumor_dataset/yes/aug_Y_3_0_3841.jpg,1
/content/brain_tumor_dataset/yes/aug_Y_57_0_5706.jpg,1
/content/brain_tumor_dataset/yes/aug_Y_24_0_8289.jpg,1
/content/brain_tumor_dataset/yes/aug_Y_67_0_4247.jpg,1
/content/brain_tumor_dataset/yes/aug_Y_104_0_8131.jpg,1
/content/brain_tumor_dataset/yes/aug_Y_135_0_8890.jpg,1
/content/brain_tumor_dataset/yes/aug_Y_39_0_9935.jpg,1
/content/brain_tumor_dataset/yes/aug_Y_58_0_3278.jpg,1
/content/brain_tumor_dataset/yes/aug_Y_149_0_7311.jpg,1
/content/brain_tumor_dataset/yes/aug_Y_129_0_4598.jpg,1
/content/brain_tumor_dataset/yes/aug_Y_29_0_9519.jpg,1
/content/brain_tumor_dataset/yes/aug_Y_45_0_3263.jpg,1
/content/brain_tumor_dataset/yes/aug_Y_4_0_2318.jpg,1
/content/brain_tumor_dataset/yes/aug_Y_62_0_2041.jpg,1
/content/brain_tumor_dataset/yes/aug_Y_52_0_8842.jpg,1
/content/brain_tumor_dataset/yes/aug_Y_122_0_753.jpg,1
/content/brain_tumor_dataset/yes/aug_Y_5_0_6993.jpg,1
/content/brain_tumor_dataset/yes/aug_Y_5_0_243.jpg,1
/content/brain_tumor_dataset/yes/aug_Y_155_0_6976.jpg,1
/content/brain_tumor_dataset/yes/aug_Y_107_0_7357.jpg,1
/content/brain_tumor_dataset/yes/aug_Y_65_0_4534.jpg,1
/content/brain_tumor_dataset/yes/aug_Y_117_0_9498.jpg,1
/content/brain_tumor_dataset/yes/aug_Y_82_0_2355.jpg,1
/content/brain_tumor_dataset/yes/aug_Y_2_0_1515.jpg,1
/content/brain_tumor_dataset/yes/aug_Y_101_0_3715.jpg,1
/content/brain_tumor_dataset/yes/aug_Y_68_0_7094.jpg,1
/content/brain_tumor_dataset/yes/aug_Y_38_0_8462.jpg,1
/content/brain_tumor_dataset/yes/aug_Y_66_0_1669.jpg,1
/content/brain_tumor_dataset/yes/aug_Y_32_0_1229.jpg,1
/content/brain_tumor_dataset/yes/aug_Y_151_0_9463.jpg,1
/content/brain_tumor_dataset/yes/aug_Y_55_0_3930.jpg,1
/content/brain_tumor_dataset/yes/aug_Y_52_0_3971.jpg,1
/content/brain_tumor_dataset/yes/aug_Y_69_0_1417.jpg,1
/content/brain_tumor_dataset/yes/aug_Y_45_0_2037.jpg,1
/content/brain_tumor_dataset/yes/aug_Y_104_0_6851.jpg,1
/content/brain_tumor_dataset/yes/aug_Y_39_0_4725.jpg,1
/content/brain_tumor_dataset/yes/aug_Y_1_0_768.jpg,1
/content/brain_tumor_dataset/yes/aug_Y_19_0_3457.jpg,1
/content/brain_tumor_dataset/yes/aug_Y_78_0_9348.jpg,1
/content/brain_tumor_dataset/yes/aug_Y_105_0_6845.jpg,1
/content/brain_tumor_dataset/yes/aug_Y_146_0_644.jpg,1
/content/brain_tumor_dataset/yes/aug_Y_138_0_607.jpg,1
/content/brain_tumor_dataset/yes/aug_Y_131_0_6894.jpg,1
/content/brain_tumor_dataset/yes/aug_Y_91_0_3812.jpg,1
/content/brain_tumor_dataset/yes/aug_Y_132_0_4728.jpg,1
/content/brain_tumor_dataset/yes/aug_Y_126_0_8253.jpg,1
/content/brain_tumor_dataset/yes/aug_Y_54_0_2963.jpg,1
/content/brain_tumor_dataset/yes/aug_Y_154_0_8963.jpg,1
/content/brain_tumor_dataset/yes/aug_Y_90_0_1090.jpg,1
/content/brain_tumor_dataset/yes/aug_Y_37_0_4083.jpg,1
/content/brain_tumor_dataset/yes/aug_Y_110_0_8844.jpg,1
/content/brain_tumor_dataset/yes/aug_Y_95_0_9631.jpg,1
/content/brain_tumor_dataset/yes/aug_Y_119_0_4047.jpg,1
/content/brain_tumor_dataset/yes/aug_Y_68_0_1540.jpg,1
/content/brain_tumor_dataset/yes/aug_Y_126_0_2384.jpg,1
/content/brain_tumor_dataset/yes/aug_Y_116_0_6095.jpg,1
/content/brain_tumor_dataset/yes/aug_Y_71_0_3859.jpg,1
/content/brain_tumor_dataset/yes/aug_Y_48_0_2017.jpg,1
/content/brain_tumor_dataset/yes/aug_Y_2_0_2981.jpg,1
/content/brain_tumor_dataset/yes/aug_Y_135_0_6691.jpg,1
/content/brain_tumor_dataset/yes/aug_Y_152_0_678.jpg,1
/content/brain_tumor_dataset/yes/aug_Y_30_0_1872.jpg,1
/content/brain_tumor_dataset/yes/aug_Y_140_0_583.jpg,1
/content/brain_tumor_dataset/yes/aug_Y_27_0_4089.jpg,1
/content/brain_tumor_dataset/yes/aug_Y_114_0_6016.jpg,1
/content/brain_tumor_dataset/yes/aug_Y_95_0_7522.jpg,1
/content/brain_tumor_dataset/yes/aug_Y_88_0_1230.jpg,1
/content/brain_tumor_dataset/yes/aug_Y_16_0_2149.jpg,1
/content/brain_tumor_dataset/yes/aug_Y_1_0_419.jpg,1
/content/brain_tumor_dataset/yes/aug_Y_102_0_9226.jpg,1
/content/brain_tumor_dataset/yes/aug_Y_46_0_409.jpg,1
/content/brain_tumor_dataset/yes/aug_Y_74_0_8309.jpg,1
/content/brain_tumor_dataset/yes/aug_Y_112_0_8690.jpg,1
/content/brain_tumor_dataset/yes/aug_Y_150_0_788.jpg,1
/content/brain_tumor_dataset/yes/aug_Y_53_0_7978.jpg,1
/content/brain_tumor_dataset/yes/aug_Y_32_0_5991.jpg,1
/content/brain_tumor_dataset/yes/aug_Y_45_0_6565.jpg,1
/content/brain_tumor_dataset/yes/aug_Y_65_0_9105.jpg,1
/content/brain_tumor_dataset/yes/aug_Y_106_0_5196.jpg,1
/content/brain_tumor_dataset/yes/aug_Y_58_0_5398.jpg,1
/content/brain_tumor_dataset/yes/aug_Y_62_0_7602.jpg,1
/content/brain_tumor_dataset/yes/aug_Y_70_0_9044.jpg,1
/content/brain_tumor_dataset/yes/aug_Y_98_0_35.jpg,1
/content/brain_tumor_dataset/yes/aug_Y_132_0_8116.jpg,1
/content/brain_tumor_dataset/yes/aug_Y_41_0_4545.jpg,1
/content/brain_tumor_dataset/yes/aug_Y_10_0_5963.jpg,1
/content/brain_tumor_dataset/yes/aug_Y_131_0_2099.jpg,1
/content/brain_tumor_dataset/yes/aug_Y_99_0_1292.jpg,1
/content/brain_tumor_dataset/yes/aug_Y_53_0_3634.jpg,1
/content/brain_tumor_dataset/yes/aug_Y_84_0_6306.jpg,1
/content/brain_tumor_dataset/yes/aug_Y_141_0_1435.jpg,1
/content/brain_tumor_dataset/yes/aug_Y_86_0_8785.jpg,1
/content/brain_tumor_dataset/yes/aug_Y_140_0_6559.jpg,1
/content/brain_tumor_dataset/yes/aug_Y_79_0_9194.jpg,1
/content/brain_tumor_dataset/yes/aug_Y_49_0_6040.jpg,1
/content/brain_tumor_dataset/yes/aug_Y_108_0_2412.jpg,1
/content/brain_tumor_dataset/yes/aug_Y_110_0_4681.jpg,1
/content/brain_tumor_dataset/yes/aug_Y_111_0_3895.jpg,1
/content/brain_tumor_dataset/yes/aug_Y_58_0_6906.jpg,1
/content/brain_tumor_dataset/yes/aug_Y_8_0_6042.jpg,1
/content/brain_tumor_dataset/yes/aug_Y_11_0_5180.jpg,1
/content/brain_tumor_dataset/yes/aug_Y_110_0_4354.jpg,1
/content/brain_tumor_dataset/yes/aug_Y_56_0_3963.jpg,1
/content/brain_tumor_dataset/yes/aug_Y_66_0_9874.jpg,1
/content/brain_tumor_dataset/yes/aug_Y_112_0_8278.jpg,1
/content/brain_tumor_dataset/yes/aug_Y_36_0_3015.jpg,1
/content/brain_tumor_dataset/yes/aug_Y_102_0_4625.jpg,1
/content/brain_tumor_dataset/yes/aug_Y_6_0_2503.jpg,1
/content/brain_tumor_dataset/yes/aug_Y_128_0_639.jpg,1
/content/brain_tumor_dataset/yes/aug_Y_15_0_2472.jpg,1
/content/brain_tumor_dataset/yes/aug_Y_13_0_9783.jpg,1
/content/brain_tumor_dataset/yes/aug_Y_10_0_4617.jpg,1
/content/brain_tumor_dataset/yes/aug_Y_111_0_2028.jpg,1
/content/brain_tumor_dataset/yes/aug_Y_116_0_551.jpg,1
/content/brain_tumor_dataset/yes/aug_Y_87_0_7394.jpg,1
/content/brain_tumor_dataset/yes/aug_Y_12_0_9716.jpg,1
/content/brain_tumor_dataset/yes/aug_Y_100_0_391.jpg,1
/content/brain_tumor_dataset/yes/aug_Y_106_0_7482.jpg,1
/content/brain_tumor_dataset/yes/aug_Y_14_0_7517.jpg,1
/content/brain_tumor_dataset/yes/aug_Y_41_0_5823.jpg,1
/content/brain_tumor_dataset/yes/aug_Y_117_0_8870.jpg,1
/content/brain_tumor_dataset/yes/aug_Y_140_0_7547.jpg,1
/content/brain_tumor_dataset/yes/aug_Y_151_0_1653.jpg,1
/content/brain_tumor_dataset/yes/aug_Y_146_0_802.jpg,1
/content/brain_tumor_dataset/yes/aug_Y_86_0_4731.jpg,1
/content/brain_tumor_dataset/yes/aug_Y_138_0_7558.jpg,1
/content/brain_tumor_dataset/yes/aug_Y_35_0_5826.jpg,1
/content/brain_tumor_dataset/yes/aug_Y_76_0_5268.jpg,1
/content/brain_tumor_dataset/yes/aug_Y_131_0_6188.jpg,1
/content/brain_tumor_dataset/yes/aug_Y_92_0_1565.jpg,1
/content/brain_tumor_dataset/yes/aug_Y_12_0_1963.jpg,1
/content/brain_tumor_dataset/yes/aug_Y_140_0_8560.jpg,1
/content/brain_tumor_dataset/yes/aug_Y_144_0_6820.jpg,1
/content/brain_tumor_dataset/yes/aug_Y_95_0_1663.jpg,1
/content/brain_tumor_dataset/yes/aug_Y_133_0_8118.jpg,1
/content/brain_tumor_dataset/yes/aug_Y_116_0_9230.jpg,1
/content/brain_tumor_dataset/yes/aug_Y_42_0_4615.jpg,1
/content/brain_tumor_dataset/yes/aug_Y_22_0_5850.jpg,1
/content/brain_tumor_dataset/yes/aug_Y_79_0_5605.jpg,1
/content/brain_tumor_dataset/yes/aug_Y_115_0_7285.jpg,1
/content/brain_tumor_dataset/yes/aug_Y_80_0_9756.jpg,1
/content/brain_tumor_dataset/yes/aug_Y_90_0_5403.jpg,1
/content/brain_tumor_dataset/yes/aug_Y_55_0_488.jpg,1
/content/brain_tumor_dataset/yes/aug_Y_19_0_6972.jpg,1
/content/brain_tumor_dataset/yes/aug_Y_126_0_4472.jpg,1
/content/brain_tumor_dataset/yes/aug_Y_129_0_6117.jpg,1
/content/brain_tumor_dataset/yes/aug_Y_81_0_83.jpg,1
/content/brain_tumor_dataset/yes/aug_Y_154_0_3841.jpg,1
/content/brain_tumor_dataset/yes/aug_Y_43_0_4067.jpg,1
/content/brain_tumor_dataset/yes/aug_Y_7_0_3016.jpg,1
/content/brain_tumor_dataset/yes/aug_Y_75_0_4099.jpg,1
/content/brain_tumor_dataset/yes/aug_Y_108_0_1402.jpg,1
/content/brain_tumor_dataset/yes/aug_Y_88_0_4930.jpg,1
/content/brain_tumor_dataset/yes/aug_Y_148_0_7081.jpg,1
/content/brain_tumor_dataset/yes/aug_Y_150_0_8647.jpg,1
/content/brain_tumor_dataset/yes/aug_Y_116_0_465.jpg,1
/content/brain_tumor_dataset/yes/aug_Y_13_0_9602.jpg,1
/content/brain_tumor_dataset/yes/aug_Y_34_0_9036.jpg,1
/content/brain_tumor_dataset/yes/aug_Y_48_0_6227.jpg,1
/content/brain_tumor_dataset/yes/aug_Y_138_0_3277.jpg,1
/content/brain_tumor_dataset/yes/aug_Y_129_0_5194.jpg,1
/content/brain_tumor_dataset/yes/aug_Y_72_0_5708.jpg,1
/content/brain_tumor_dataset/yes/aug_Y_118_0_7970.jpg,1
/content/brain_tumor_dataset/yes/aug_Y_145_0_4454.jpg,1
/content/brain_tumor_dataset/yes/aug_Y_94_0_1340.jpg,1
/content/brain_tumor_dataset/yes/aug_Y_4_0_9848.jpg,1
/content/brain_tumor_dataset/yes/aug_Y_35_0_672.jpg,1
/content/brain_tumor_dataset/yes/aug_Y_64_0_4524.jpg,1
/content/brain_tumor_dataset/yes/aug_Y_97_0_8257.jpg,1
/content/brain_tumor_dataset/yes/aug_Y_119_0_1660.jpg,1
/content/brain_tumor_dataset/yes/aug_Y_39_0_1135.jpg,1
/content/brain_tumor_dataset/yes/aug_Y_138_0_9321.jpg,1
/content/brain_tumor_dataset/yes/aug_Y_37_0_4110.jpg,1
/content/brain_tumor_dataset/yes/aug_Y_41_0_5384.jpg,1
/content/brain_tumor_dataset/yes/aug_Y_147_0_1077.jpg,1
/content/brain_tumor_dataset/yes/aug_Y_21_0_2007.jpg,1
/content/brain_tumor_dataset/yes/aug_Y_118_0_7246.jpg,1
/content/brain_tumor_dataset/yes/aug_Y_14_0_6094.jpg,1
/content/brain_tumor_dataset/yes/aug_Y_143_0_1643.jpg,1
/content/brain_tumor_dataset/yes/aug_Y_29_0_541.jpg,1
/content/brain_tumor_dataset/yes/aug_Y_136_0_1334.jpg,1
/content/brain_tumor_dataset/yes/aug_Y_26_0_4319.jpg,1
/content/brain_tumor_dataset/yes/aug_Y_59_0_621.jpg,1
/content/brain_tumor_dataset/yes/aug_Y_17_0_5766.jpg,1
/content/brain_tumor_dataset/yes/aug_Y_52_0_2417.jpg,1
/content/brain_tumor_dataset/yes/aug_Y_64_0_3415.jpg,1
/content/brain_tumor_dataset/yes/aug_Y_83_0_4789.jpg,1
/content/brain_tumor_dataset/yes/aug_Y_51_0_6957.jpg,1
/content/brain_tumor_dataset/yes/aug_Y_33_0_7291.jpg,1
/content/brain_tumor_dataset/yes/aug_Y_103_0_8087.jpg,1
/content/brain_tumor_dataset/yes/aug_Y_142_0_898.jpg,1
/content/brain_tumor_dataset/yes/aug_Y_18_0_3069.jpg,1
/content/brain_tumor_dataset/yes/aug_Y_135_0_8419.jpg,1
/content/brain_tumor_dataset/yes/aug_Y_118_0_4458.jpg,1
/content/brain_tumor_dataset/yes/aug_Y_130_0_7961.jpg,1
/content/brain_tumor_dataset/yes/aug_Y_152_0_671.jpg,1
/content/brain_tumor_dataset/yes/aug_Y_124_0_4154.jpg,1
/content/brain_tumor_dataset/yes/aug_Y_88_0_7225.jpg,1
/content/brain_tumor_dataset/yes/aug_Y_103_0_4480.jpg,1
/content/brain_tumor_dataset/yes/aug_Y_147_0_6385.jpg,1
/content/brain_tumor_dataset/yes/aug_Y_111_0_1016.jpg,1
/content/brain_tumor_dataset/yes/aug_Y_121_0_3669.jpg,1
/content/brain_tumor_dataset/yes/aug_Y_16_0_8597.jpg,1
/content/brain_tumor_dataset/yes/aug_Y_9_0_4932.jpg,1
/content/brain_tumor_dataset/yes/aug_Y_131_0_9143.jpg,1
/content/brain_tumor_dataset/yes/aug_Y_84_0_3154.jpg,1
/content/brain_tumor_dataset/yes/aug_Y_153_0_484.jpg,1
/content/brain_tumor_dataset/yes/aug_Y_70_0_1394.jpg,1
/content/brain_tumor_dataset/yes/aug_Y_151_0_2064.jpg,1
/content/brain_tumor_dataset/yes/aug_Y_152_0_7451.jpg,1
/content/brain_tumor_dataset/yes/aug_Y_54_0_7868.jpg,1
/content/brain_tumor_dataset/yes/aug_Y_139_0_8390.jpg,1
/content/brain_tumor_dataset/yes/aug_Y_111_0_647.jpg,1
/content/brain_tumor_dataset/yes/aug_Y_35_0_6273.jpg,1
/content/brain_tumor_dataset/yes/aug_Y_122_0_6721.jpg,1
/content/brain_tumor_dataset/yes/aug_Y_36_0_7195.jpg,1
/content/brain_tumor_dataset/yes/aug_Y_26_0_2388.jpg,1
/content/brain_tumor_dataset/yes/aug_Y_70_0_3815.jpg,1
/content/brain_tumor_dataset/yes/aug_Y_126_0_6211.jpg,1
/content/brain_tumor_dataset/yes/aug_Y_55_0_7092.jpg,1
/content/brain_tumor_dataset/yes/aug_Y_87_0_2203.jpg,1
/content/brain_tumor_dataset/yes/aug_Y_28_0_7845.jpg,1
/content/brain_tumor_dataset/yes/aug_Y_127_0_2131.jpg,1
/content/brain_tumor_dataset/yes/aug_Y_26_0_4118.jpg,1
/content/brain_tumor_dataset/yes/aug_Y_39_0_5083.jpg,1
/content/brain_tumor_dataset/yes/aug_Y_78_0_6809.jpg,1
/content/brain_tumor_dataset/yes/aug_Y_5_0_164.jpg,1
/content/brain_tumor_dataset/yes/aug_Y_109_0_6476.jpg,1
/content/brain_tumor_dataset/yes/aug_Y_35_0_413.jpg,1
/content/brain_tumor_dataset/yes/aug_Y_127_0_13.jpg,1
/content/brain_tumor_dataset/yes/aug_Y_49_0_3299.jpg,1
/content/brain_tumor_dataset/yes/aug_Y_72_0_429.jpg,1
/content/brain_tumor_dataset/yes/aug_Y_24_0_4541.jpg,1
/content/brain_tumor_dataset/yes/aug_Y_19_0_7044.jpg,1
/content/brain_tumor_dataset/yes/aug_Y_68_0_1903.jpg,1
/content/brain_tumor_dataset/yes/aug_Y_27_0_6916.jpg,1
/content/brain_tumor_dataset/yes/aug_Y_57_0_8637.jpg,1
/content/brain_tumor_dataset/yes/aug_Y_15_0_4117.jpg,1
/content/brain_tumor_dataset/yes/aug_Y_87_0_8492.jpg,1
/content/brain_tumor_dataset/yes/aug_Y_40_0_9513.jpg,1
/content/brain_tumor_dataset/yes/aug_Y_96_0_2124.jpg,1
/content/brain_tumor_dataset/yes/aug_Y_44_0_7179.jpg,1
/content/brain_tumor_dataset/yes/aug_Y_141_0_8352.jpg,1
/content/brain_tumor_dataset/yes/aug_Y_55_0_3621.jpg,1
/content/brain_tumor_dataset/yes/aug_Y_56_0_1462.jpg,1
/content/brain_tumor_dataset/yes/aug_Y_93_0_306.jpg,1
/content/brain_tumor_dataset/yes/aug_Y_75_0_228.jpg,1
/content/brain_tumor_dataset/yes/aug_Y_117_0_7006.jpg,1
/content/brain_tumor_dataset/yes/aug_Y_149_0_7509.jpg,1
/content/brain_tumor_dataset/yes/aug_Y_104_0_7892.jpg,1
/content/brain_tumor_dataset/yes/aug_Y_67_0_336.jpg,1
/content/brain_tumor_dataset/yes/aug_Y_108_0_4942.jpg,1
/content/brain_tumor_dataset/yes/aug_Y_4_0_145.jpg,1
/content/brain_tumor_dataset/yes/aug_Y_36_0_1952.jpg,1
/content/brain_tumor_dataset/yes/aug_Y_132_0_7381.jpg,1
/content/brain_tumor_dataset/yes/aug_Y_51_0_965.jpg,1
/content/brain_tumor_dataset/yes/aug_Y_23_0_2696.jpg,1
/content/brain_tumor_dataset/yes/aug_Y_114_0_8186.jpg,1
/content/brain_tumor_dataset/yes/aug_Y_14_0_5474.jpg,1
/content/brain_tumor_dataset/yes/aug_Y_150_0_8108.jpg,1
/content/brain_tumor_dataset/yes/aug_Y_106_0_6946.jpg,1
/content/brain_tumor_dataset/yes/aug_Y_105_0_17.jpg,1
/content/brain_tumor_dataset/yes/aug_Y_47_0_4722.jpg,1
/content/brain_tumor_dataset/yes/aug_Y_15_0_6207.jpg,1
/content/brain_tumor_dataset/yes/aug_Y_106_0_8346.jpg,1
/content/brain_tumor_dataset/yes/aug_Y_79_0_1763.jpg,1
/content/brain_tumor_dataset/yes/aug_Y_139_0_2783.jpg,1
/content/brain_tumor_dataset/yes/aug_Y_142_0_5519.jpg,1
/content/brain_tumor_dataset/yes/aug_Y_48_0_1182.jpg,1
/content/brain_tumor_dataset/yes/aug_Y_13_0_3935.jpg,1
/content/brain_tumor_dataset/yes/aug_Y_61_0_4352.jpg,1
/content/brain_tumor_dataset/yes/aug_Y_97_0_2088.jpg,1
/content/brain_tumor_dataset/yes/aug_Y_54_0_3660.jpg,1
/content/brain_tumor_dataset/yes/aug_Y_152_0_7771.jpg,1
/content/brain_tumor_dataset/yes/aug_Y_71_0_113.jpg,1
/content/brain_tumor_dataset/yes/aug_Y_40_0_6044.jpg,1
/content/brain_tumor_dataset/yes/aug_Y_93_0_9719.jpg,1
/content/brain_tumor_dataset/yes/aug_Y_116_0_42.jpg,1
/content/brain_tumor_dataset/yes/aug_Y_81_0_8118.jpg,1
/content/brain_tumor_dataset/yes/aug_Y_36_0_6316.jpg,1
/content/brain_tumor_dataset/yes/aug_Y_132_0_7972.jpg,1
/content/brain_tumor_dataset/yes/aug_Y_17_0_2465.jpg,1
/content/brain_tumor_dataset/yes/aug_Y_23_0_253.jpg,1
/content/brain_tumor_dataset/yes/aug_Y_13_0_6605.jpg,1
/content/brain_tumor_dataset/yes/aug_Y_142_0_5303.jpg,1
/content/brain_tumor_dataset/yes/aug_Y_69_0_3137.jpg,1
/content/brain_tumor_dataset/yes/aug_Y_65_0_1174.jpg,1
/content/brain_tumor_dataset/yes/aug_Y_151_0_4653.jpg,1
/content/brain_tumor_dataset/yes/aug_Y_103_0_1518.jpg,1
/content/brain_tumor_dataset/yes/aug_Y_57_0_7603.jpg,1
/content/brain_tumor_dataset/yes/aug_Y_5_0_9838.jpg,1
/content/brain_tumor_dataset/yes/aug_Y_37_0_6039.jpg,1
/content/brain_tumor_dataset/yes/aug_Y_47_0_950.jpg,1
/content/brain_tumor_dataset/yes/aug_Y_20_0_8470.jpg,1
/content/brain_tumor_dataset/yes/aug_Y_103_0_2379.jpg,1
/content/brain_tumor_dataset/yes/aug_Y_69_0_7320.jpg,1
/content/brain_tumor_dataset/yes/aug_Y_123_0_9474.jpg,1
/content/brain_tumor_dataset/yes/aug_Y_20_0_3655.jpg,1
/content/brain_tumor_dataset/yes/aug_Y_25_0_6081.jpg,1
/content/brain_tumor_dataset/yes/aug_Y_90_0_199.jpg,1
/content/brain_tumor_dataset/yes/aug_Y_97_0_8674.jpg,1
/content/brain_tumor_dataset/yes/aug_Y_1_0_860.jpg,1
/content/brain_tumor_dataset/yes/aug_Y_77_0_1262.jpg,1
/content/brain_tumor_dataset/yes/aug_Y_27_0_9382.jpg,1
/content/brain_tumor_dataset/yes/aug_Y_28_0_7988.jpg,1
/content/brain_tumor_dataset/yes/aug_Y_28_0_7272.jpg,1
/content/brain_tumor_dataset/yes/aug_Y_62_0_2609.jpg,1
/content/brain_tumor_dataset/yes/aug_Y_85_0_8734.jpg,1
/content/brain_tumor_dataset/yes/aug_Y_152_0_5262.jpg,1
/content/brain_tumor_dataset/yes/aug_Y_73_0_6247.jpg,1
/content/brain_tumor_dataset/yes/aug_Y_75_0_7253.jpg,1
/content/brain_tumor_dataset/yes/aug_Y_148_0_8490.jpg,1
/content/brain_tumor_dataset/yes/aug_Y_115_0_4702.jpg,1
/content/brain_tumor_dataset/yes/aug_Y_80_0_2147.jpg,1
/content/brain_tumor_dataset/yes/aug_Y_66_0_9062.jpg,1
/content/brain_tumor_dataset/yes/aug_Y_84_0_9541.jpg,1
/content/brain_tumor_dataset/yes/aug_Y_31_0_9474.jpg,1
/content/brain_tumor_dataset/yes/aug_Y_88_0_7693.jpg,1
/content/brain_tumor_dataset/yes/aug_Y_124_0_9280.jpg,1
/content/brain_tumor_dataset/yes/aug_Y_42_0_8659.jpg,1
/content/brain_tumor_dataset/yes/aug_Y_98_0_8379.jpg,1
/content/brain_tumor_dataset/yes/aug_Y_72_0_80.jpg,1
/content/brain_tumor_dataset/yes/aug_Y_64_0_371.jpg,1
/content/brain_tumor_dataset/yes/aug_Y_102_0_9516.jpg,1
/content/brain_tumor_dataset/yes/aug_Y_96_0_9872.jpg,1
/content/brain_tumor_dataset/yes/aug_Y_93_0_7216.jpg,1
/content/brain_tumor_dataset/yes/aug_Y_136_0_1293.jpg,1
/content/brain_tumor_dataset/yes/aug_Y_139_0_1123.jpg,1
/content/brain_tumor_dataset/yes/aug_Y_145_0_2476.jpg,1
/content/brain_tumor_dataset/yes/aug_Y_148_0_9815.jpg,1
/content/brain_tumor_dataset/yes/aug_Y_152_0_2892.jpg,1
/content/brain_tumor_dataset/yes/aug_Y_17_0_1491.jpg,1
/content/brain_tumor_dataset/yes/aug_Y_70_0_3702.jpg,1
/content/brain_tumor_dataset/yes/aug_Y_18_0_6187.jpg,1
/content/brain_tumor_dataset/yes/aug_Y_72_0_8492.jpg,1
/content/brain_tumor_dataset/yes/aug_Y_144_0_8776.jpg,1
/content/brain_tumor_dataset/yes/aug_Y_7_0_7826.jpg,1
/content/brain_tumor_dataset/yes/aug_Y_22_0_9807.jpg,1
/content/brain_tumor_dataset/yes/aug_Y_71_0_2361.jpg,1
/content/brain_tumor_dataset/yes/aug_Y_99_0_8829.jpg,1
/content/brain_tumor_dataset/yes/aug_Y_25_0_1599.jpg,1
/content/brain_tumor_dataset/yes/aug_Y_103_0_5354.jpg,1
/content/brain_tumor_dataset/yes/aug_Y_57_0_9535.jpg,1
/content/brain_tumor_dataset/yes/aug_Y_122_0_4898.jpg,1
/content/brain_tumor_dataset/yes/aug_Y_72_0_5.jpg,1
/content/brain_tumor_dataset/yes/aug_Y_135_0_8444.jpg,1
/content/brain_tumor_dataset/yes/aug_Y_129_0_7485.jpg,1
/content/brain_tumor_dataset/yes/aug_Y_141_0_3590.jpg,1
/content/brain_tumor_dataset/yes/aug_Y_104_0_8915.jpg,1
/content/brain_tumor_dataset/yes/aug_Y_107_0_9411.jpg,1
/content/brain_tumor_dataset/yes/aug_Y_55_0_700.jpg,1
/content/brain_tumor_dataset/yes/aug_Y_25_0_7530.jpg,1
/content/brain_tumor_dataset/yes/aug_Y_135_0_3025.jpg,1
/content/brain_tumor_dataset/yes/aug_Y_5_0_4779.jpg,1
/content/brain_tumor_dataset/yes/aug_Y_61_0_5565.jpg,1
/content/brain_tumor_dataset/yes/aug_Y_86_0_2033.jpg,1
/content/brain_tumor_dataset/yes/aug_Y_123_0_7037.jpg,1
/content/brain_tumor_dataset/yes/aug_Y_61_0_1616.jpg,1
/content/brain_tumor_dataset/yes/aug_Y_120_0_122.jpg,1
/content/brain_tumor_dataset/yes/aug_Y_13_0_3465.jpg,1
/content/brain_tumor_dataset/yes/aug_Y_30_0_1197.jpg,1
/content/brain_tumor_dataset/yes/aug_Y_54_0_7793.jpg,1
/content/brain_tumor_dataset/yes/aug_Y_133_0_6828.jpg,1
/content/brain_tumor_dataset/yes/aug_Y_85_0_132.jpg,1
/content/brain_tumor_dataset/yes/aug_Y_40_0_1464.jpg,1
/content/brain_tumor_dataset/yes/aug_Y_130_0_1881.jpg,1
/content/brain_tumor_dataset/yes/aug_Y_14_0_2000.jpg,1
/content/brain_tumor_dataset/yes/aug_Y_84_0_407.jpg,1
/content/brain_tumor_dataset/yes/aug_Y_36_0_8697.jpg,1
/content/brain_tumor_dataset/yes/aug_Y_45_0_1716.jpg,1
/content/brain_tumor_dataset/yes/aug_Y_20_0_7031.jpg,1
/content/brain_tumor_dataset/yes/aug_Y_54_0_3885.jpg,1
/content/brain_tumor_dataset/yes/aug_Y_68_0_7774.jpg,1
/content/brain_tumor_dataset/yes/aug_Y_99_0_1291.jpg,1
/content/brain_tumor_dataset/yes/aug_Y_138_0_9588.jpg,1
/content/brain_tumor_dataset/yes/aug_Y_134_0_2669.jpg,1
/content/brain_tumor_dataset/yes/aug_Y_15_0_3690.jpg,1
/content/brain_tumor_dataset/yes/aug_Y_142_0_5897.jpg,1
/content/brain_tumor_dataset/yes/aug_Y_110_0_53.jpg,1
/content/brain_tumor_dataset/yes/aug_Y_11_0_3872.jpg,1
/content/brain_tumor_dataset/yes/aug_Y_104_0_7273.jpg,1
/content/brain_tumor_dataset/yes/aug_Y_17_0_7739.jpg,1
/content/brain_tumor_dataset/yes/aug_Y_28_0_9647.jpg,1
/content/brain_tumor_dataset/yes/aug_Y_79_0_4323.jpg,1
/content/brain_tumor_dataset/yes/aug_Y_153_0_5763.jpg,1
/content/brain_tumor_dataset/yes/aug_Y_3_0_3515.jpg,1
/content/brain_tumor_dataset/yes/aug_Y_155_0_22.jpg,1
/content/brain_tumor_dataset/yes/aug_Y_8_0_9753.jpg,1
/content/brain_tumor_dataset/yes/aug_Y_89_0_10.jpg,1
/content/brain_tumor_dataset/yes/aug_Y_59_0_2043.jpg,1
/content/brain_tumor_dataset/yes/aug_Y_150_0_3271.jpg,1
/content/brain_tumor_dataset/yes/aug_Y_62_0_2590.jpg,1
/content/brain_tumor_dataset/yes/aug_Y_71_0_9526.jpg,1
/content/brain_tumor_dataset/yes/aug_Y_154_0_5389.jpg,1
/content/brain_tumor_dataset/yes/aug_Y_132_0_8905.jpg,1
/content/brain_tumor_dataset/yes/aug_Y_32_0_6484.jpg,1
/content/brain_tumor_dataset/yes/aug_Y_67_0_2872.jpg,1
/content/brain_tumor_dataset/yes/aug_Y_69_0_5817.jpg,1
/content/brain_tumor_dataset/yes/aug_Y_3_0_6524.jpg,1
/content/brain_tumor_dataset/yes/aug_Y_24_0_9769.jpg,1
/content/brain_tumor_dataset/yes/aug_Y_120_0_2318.jpg,1
/content/brain_tumor_dataset/yes/aug_Y_50_0_7236.jpg,1
/content/brain_tumor_dataset/yes/aug_Y_120_0_501.jpg,1
/content/brain_tumor_dataset/yes/aug_Y_43_0_8610.jpg,1
/content/brain_tumor_dataset/yes/aug_Y_13_0_4208.jpg,1
/content/brain_tumor_dataset/yes/aug_Y_82_0_5488.jpg,1
/content/brain_tumor_dataset/yes/aug_Y_21_0_8610.jpg,1
/content/brain_tumor_dataset/yes/aug_Y_77_0_9755.jpg,1
/content/brain_tumor_dataset/yes/aug_Y_87_0_1080.jpg,1
/content/brain_tumor_dataset/yes/aug_Y_136_0_6826.jpg,1
/content/brain_tumor_dataset/yes/aug_Y_139_0_8619.jpg,1
/content/brain_tumor_dataset/yes/aug_Y_143_0_5110.jpg,1
/content/brain_tumor_dataset/yes/aug_Y_47_0_9642.jpg,1
/content/brain_tumor_dataset/yes/aug_Y_155_0_5022.jpg,1
/content/brain_tumor_dataset/yes/aug_Y_129_0_7921.jpg,1
/content/brain_tumor_dataset/yes/aug_Y_31_0_61.jpg,1
/content/brain_tumor_dataset/yes/aug_Y_22_0_5147.jpg,1
/content/brain_tumor_dataset/yes/aug_Y_66_0_7163.jpg,1
/content/brain_tumor_dataset/yes/aug_Y_136_0_3481.jpg,1
/content/brain_tumor_dataset/yes/aug_Y_119_0_3143.jpg,1
/content/brain_tumor_dataset/yes/aug_Y_65_0_2417.jpg,1
/content/brain_tumor_dataset/yes/aug_Y_105_0_5049.jpg,1
/content/brain_tumor_dataset/yes/aug_Y_4_0_8472.jpg,1
/content/brain_tumor_dataset/yes/aug_Y_40_0_5621.jpg,1
/content/brain_tumor_dataset/yes/aug_Y_115_0_4468.jpg,1
/content/brain_tumor_dataset/yes/aug_Y_61_0_6881.jpg,1
/content/brain_tumor_dataset/yes/aug_Y_70_0_9384.jpg,1
/content/brain_tumor_dataset/yes/aug_Y_124_0_8124.jpg,1
/content/brain_tumor_dataset/yes/aug_Y_100_0_892.jpg,1
/content/brain_tumor_dataset/yes/aug_Y_148_0_9101.jpg,1
/content/brain_tumor_dataset/yes/aug_Y_81_0_2176.jpg,1
/content/brain_tumor_dataset/yes/aug_Y_19_0_5851.jpg,1
/content/brain_tumor_dataset/yes/aug_Y_11_0_836.jpg,1
/content/brain_tumor_dataset/yes/aug_Y_89_0_6694.jpg,1
/content/brain_tumor_dataset/yes/aug_Y_46_0_1608.jpg,1
/content/brain_tumor_dataset/yes/aug_Y_50_0_3530.jpg,1
/content/brain_tumor_dataset/yes/aug_Y_107_0_7249.jpg,1
/content/brain_tumor_dataset/yes/aug_Y_50_0_42.jpg,1
/content/brain_tumor_dataset/yes/aug_Y_80_0_6160.jpg,1
/content/brain_tumor_dataset/yes/aug_Y_12_0_9013.jpg,1
/content/brain_tumor_dataset/yes/aug_Y_117_0_2542.jpg,1
/content/brain_tumor_dataset/yes/aug_Y_21_0_1749.jpg,1
/content/brain_tumor_dataset/yes/aug_Y_86_0_7683.jpg,1
/content/brain_tumor_dataset/yes/aug_Y_136_0_2427.jpg,1
/content/brain_tumor_dataset/yes/aug_Y_15_0_1784.jpg,1
/content/brain_tumor_dataset/yes/aug_Y_45_0_1507.jpg,1
/content/brain_tumor_dataset/yes/aug_Y_75_0_5243.jpg,1
/content/brain_tumor_dataset/yes/aug_Y_29_0_1571.jpg,1
/content/brain_tumor_dataset/yes/aug_Y_48_0_5465.jpg,1
/content/brain_tumor_dataset/yes/aug_Y_10_0_7033.jpg,1
/content/brain_tumor_dataset/yes/aug_Y_6_0_3093.jpg,1
/content/brain_tumor_dataset/yes/aug_Y_30_0_5064.jpg,1
/content/brain_tumor_dataset/yes/aug_Y_23_0_6967.jpg,1
/content/brain_tumor_dataset/yes/aug_Y_102_0_3742.jpg,1
/content/brain_tumor_dataset/yes/aug_Y_124_0_884.jpg,1
/content/brain_tumor_dataset/yes/aug_Y_105_0_5507.jpg,1
/content/brain_tumor_dataset/yes/aug_Y_60_0_5907.jpg,1
/content/brain_tumor_dataset/yes/aug_Y_88_0_7862.jpg,1
/content/brain_tumor_dataset/yes/aug_Y_153_0_7768.jpg,1
/content/brain_tumor_dataset/yes/aug_Y_59_0_4652.jpg,1
/content/brain_tumor_dataset/yes/aug_Y_107_0_925.jpg,1
/content/brain_tumor_dataset/yes/aug_Y_101_0_8842.jpg,1
/content/brain_tumor_dataset/yes/aug_Y_28_0_5330.jpg,1
/content/brain_tumor_dataset/yes/aug_Y_44_0_6298.jpg,1
/content/brain_tumor_dataset/yes/aug_Y_89_0_6121.jpg,1
/content/brain_tumor_dataset/yes/aug_Y_89_0_2858.jpg,1
/content/brain_tumor_dataset/yes/aug_Y_34_0_60.jpg,1
/content/brain_tumor_dataset/yes/aug_Y_151_0_5851.jpg,1
/content/brain_tumor_dataset/yes/aug_Y_85_0_4128.jpg,1
/content/brain_tumor_dataset/yes/aug_Y_93_0_727.jpg,1
/content/brain_tumor_dataset/yes/aug_Y_57_0_9576.jpg,1
/content/brain_tumor_dataset/yes/aug_Y_149_0_3953.jpg,1
/content/brain_tumor_dataset/yes/aug_Y_60_0_7025.jpg,1
/content/brain_tumor_dataset/yes/aug_Y_56_0_229.jpg,1
/content/brain_tumor_dataset/yes/aug_Y_21_0_8334.jpg,1
/content/brain_tumor_dataset/yes/aug_Y_97_0_9006.jpg,1
/content/brain_tumor_dataset/yes/aug_Y_10_0_6803.jpg,1
/content/brain_tumor_dataset/yes/aug_Y_134_0_1910.jpg,1
/content/brain_tumor_dataset/yes/aug_Y_133_0_5888.jpg,1
/content/brain_tumor_dataset/yes/aug_Y_46_0_3016.jpg,1
/content/brain_tumor_dataset/yes/aug_Y_76_0_1627.jpg,1
/content/brain_tumor_dataset/yes/aug_Y_91_0_4228.jpg,1
/content/brain_tumor_dataset/yes/aug_Y_7_0_3082.jpg,1
/content/brain_tumor_dataset/yes/aug_Y_83_0_9139.jpg,1
/content/brain_tumor_dataset/yes/aug_Y_141_0_2985.jpg,1
/content/brain_tumor_dataset/yes/aug_Y_11_0_2787.jpg,1
/content/brain_tumor_dataset/yes/aug_Y_42_0_3980.jpg,1
/content/brain_tumor_dataset/yes/aug_Y_84_0_766.jpg,1
/content/brain_tumor_dataset/yes/aug_Y_91_0_3441.jpg,1
/content/brain_tumor_dataset/yes/aug_Y_106_0_3592.jpg,1
/content/brain_tumor_dataset/yes/aug_Y_50_0_6250.jpg,1
/content/brain_tumor_dataset/yes/aug_Y_34_0_5009.jpg,1
/content/brain_tumor_dataset/yes/aug_Y_2_0_5186.jpg,1
/content/brain_tumor_dataset/yes/aug_Y_113_0_5580.jpg,1
/content/brain_tumor_dataset/yes/aug_Y_10_0_6035.jpg,1
/content/brain_tumor_dataset/yes/aug_Y_14_0_690.jpg,1
/content/brain_tumor_dataset/yes/aug_Y_20_0_4526.jpg,1
/content/brain_tumor_dataset/yes/aug_Y_20_0_7606.jpg,1
/content/brain_tumor_dataset/yes/aug_Y_146_0_5671.jpg,1
/content/brain_tumor_dataset/yes/aug_Y_47_0_67.jpg,1
/content/brain_tumor_dataset/yes/aug_Y_77_0_4540.jpg,1
/content/brain_tumor_dataset/yes/aug_Y_123_0_2490.jpg,1
/content/brain_tumor_dataset/yes/aug_Y_153_0_6955.jpg,1
/content/brain_tumor_dataset/yes/aug_Y_50_0_4274.jpg,1
/content/brain_tumor_dataset/yes/aug_Y_67_0_9013.jpg,1
/content/brain_tumor_dataset/yes/aug_Y_105_0_6924.jpg,1
/content/brain_tumor_dataset/yes/aug_Y_99_0_6689.jpg,1
/content/brain_tumor_dataset/yes/aug_Y_125_0_4918.jpg,1
/content/brain_tumor_dataset/yes/aug_Y_63_0_1552.jpg,1
/content/brain_tumor_dataset/yes/aug_Y_4_0_986.jpg,1
/content/brain_tumor_dataset/yes/aug_Y_8_0_2136.jpg,1
/content/brain_tumor_dataset/yes/aug_Y_81_0_6582.jpg,1
/content/brain_tumor_dataset/yes/aug_Y_20_0_9852.jpg,1
/content/brain_tumor_dataset/yes/aug_Y_108_0_193.jpg,1
/content/brain_tumor_dataset/yes/aug_Y_119_0_862.jpg,1
/content/brain_tumor_dataset/yes/aug_Y_100_0_1445.jpg,1
/content/brain_tumor_dataset/yes/aug_Y_6_0_4312.jpg,1
/content/brain_tumor_dataset/yes/aug_Y_146_0_8375.jpg,1
/content/brain_tumor_dataset/yes/aug_Y_17_0_6034.jpg,1
/content/brain_tumor_dataset/yes/aug_Y_128_0_6712.jpg,1
/content/brain_tumor_dataset/yes/aug_Y_95_0_2758.jpg,1
/content/brain_tumor_dataset/yes/aug_Y_113_0_5642.jpg,1
/content/brain_tumor_dataset/yes/aug_Y_130_0_1466.jpg,1
/content/brain_tumor_dataset/yes/aug_Y_43_0_8916.jpg,1
/content/brain_tumor_dataset/yes/aug_Y_51_0_99.jpg,1
/content/brain_tumor_dataset/yes/aug_Y_153_0_2717.jpg,1
/content/brain_tumor_dataset/yes/aug_Y_112_0_4181.jpg,1
/content/brain_tumor_dataset/yes/aug_Y_135_0_4761.jpg,1
/content/brain_tumor_dataset/yes/aug_Y_2_0_2517.jpg,1
/content/brain_tumor_dataset/yes/aug_Y_42_0_987.jpg,1
/content/brain_tumor_dataset/yes/aug_Y_90_0_2298.jpg,1
/content/brain_tumor_dataset/yes/aug_Y_134_0_7391.jpg,1
/content/brain_tumor_dataset/yes/aug_Y_80_0_8860.jpg,1
/content/brain_tumor_dataset/yes/aug_Y_149_0_2573.jpg,1
/content/brain_tumor_dataset/yes/aug_Y_141_0_9598.jpg,1
/content/brain_tumor_dataset/yes/aug_Y_4_0_6356.jpg,1
/content/brain_tumor_dataset/yes/aug_Y_41_0_5804.jpg,1
/content/brain_tumor_dataset/yes/aug_Y_75_0_9305.jpg,1
/content/brain_tumor_dataset/yes/aug_Y_69_0_9513.jpg,1
/content/brain_tumor_dataset/yes/aug_Y_1_0_4933.jpg,1
/content/brain_tumor_dataset/yes/aug_Y_97_0_9910.jpg,1
/content/brain_tumor_dataset/yes/aug_Y_143_0_9240.jpg,1
/content/brain_tumor_dataset/yes/aug_Y_6_0_5021.jpg,1
/content/brain_tumor_dataset/yes/aug_Y_130_0_9385.jpg,1
/content/brain_tumor_dataset/yes/aug_Y_36_0_5258.jpg,1
/content/brain_tumor_dataset/yes/aug_Y_128_0_4221.jpg,1
/content/brain_tumor_dataset/yes/aug_Y_109_0_6970.jpg,1
/content/brain_tumor_dataset/yes/aug_Y_143_0_7774.jpg,1
/content/brain_tumor_dataset/yes/aug_Y_74_0_5649.jpg,1
/content/brain_tumor_dataset/yes/aug_Y_71_0_6839.jpg,1
/content/brain_tumor_dataset/yes/aug_Y_137_0_9338.jpg,1
/content/brain_tumor_dataset/yes/aug_Y_12_0_498.jpg,1
/content/brain_tumor_dataset/yes/aug_Y_2_0_8653.jpg,1
/content/brain_tumor_dataset/yes/aug_Y_39_0_4556.jpg,1
/content/brain_tumor_dataset/yes/aug_Y_34_0_7360.jpg,1
/content/brain_tumor_dataset/yes/aug_Y_140_0_499.jpg,1
/content/brain_tumor_dataset/yes/aug_Y_101_0_4206.jpg,1
/content/brain_tumor_dataset/yes/aug_Y_145_0_4451.jpg,1
/content/brain_tumor_dataset/yes/aug_Y_86_0_4377.jpg,1
/content/brain_tumor_dataset/yes/aug_Y_124_0_2866.jpg,1
/content/brain_tumor_dataset/yes/aug_Y_21_0_583.jpg,1
/content/brain_tumor_dataset/yes/aug_Y_69_0_7329.jpg,1
/content/brain_tumor_dataset/yes/aug_Y_134_0_9189.jpg,1
/content/brain_tumor_dataset/yes/aug_Y_18_0_3543.jpg,1
/content/brain_tumor_dataset/yes/aug_Y_19_0_8360.jpg,1
/content/brain_tumor_dataset/yes/aug_Y_93_0_895.jpg,1
/content/brain_tumor_dataset/yes/aug_Y_11_0_3897.jpg,1
/content/brain_tumor_dataset/yes/aug_Y_43_0_3978.jpg,1
/content/brain_tumor_dataset/yes/aug_Y_107_0_6965.jpg,1
/content/brain_tumor_dataset/yes/aug_Y_136_0_6967.jpg,1
/content/brain_tumor_dataset/no/aug_N_33_0_6354.jpg,0
/content/brain_tumor_dataset/no/aug_N_52_0_962.jpg,0
/content/brain_tumor_dataset/no/aug_N_85_0_3558.jpg,0
/content/brain_tumor_dataset/no/aug_N_68_0_2920.jpg,0
/content/brain_tumor_dataset/no/aug_N_84_0_3136.jpg,0
/content/brain_tumor_dataset/no/aug_N_75_0_9093.jpg,0
/content/brain_tumor_dataset/no/aug_N_54_0_8640.jpg,0
/content/brain_tumor_dataset/no/aug_N_45_0_6496.jpg,0
/content/brain_tumor_dataset/no/aug_N_69_0_1936.jpg,0
/content/brain_tumor_dataset/no/aug_N_56_0_7106.jpg,0
/content/brain_tumor_dataset/no/aug_N_52_0_3966.jpg,0
/content/brain_tumor_dataset/no/aug_N_24_0_8165.jpg,0
/content/brain_tumor_dataset/no/aug_N_76_0_2981.jpg,0
/content/brain_tumor_dataset/no/aug_N_25_0_2660.jpg,0
/content/brain_tumor_dataset/no/aug_N_41_0_2890.jpg,0
/content/brain_tumor_dataset/no/aug_N_97_0_5838.jpg,0
/content/brain_tumor_dataset/no/aug_N_23_0_2363.jpg,0
/content/brain_tumor_dataset/no/aug_N_60_0_5069.jpg,0
/content/brain_tumor_dataset/no/aug_N_46_0_4735.jpg,0
/content/brain_tumor_dataset/no/aug_N_37_0_8913.jpg,0
/content/brain_tumor_dataset/no/aug_N_47_0_9554.jpg,0
/content/brain_tumor_dataset/no/aug_N_60_0_6913.jpg,0
/content/brain_tumor_dataset/no/aug_N_3_0_2849.jpg,0
/content/brain_tumor_dataset/no/aug_N_55_0_8946.jpg,0
/content/brain_tumor_dataset/no/aug_N_62_0_3181.jpg,0
/content/brain_tumor_dataset/no/aug_N_88_0_8280.jpg,0
/content/brain_tumor_dataset/no/aug_N_24_0_5483.jpg,0
/content/brain_tumor_dataset/no/aug_N_86_0_2280.jpg,0
/content/brain_tumor_dataset/no/aug_N_44_0_2740.jpg,0
/content/brain_tumor_dataset/no/aug_N_92_0_6810.jpg,0
/content/brain_tumor_dataset/no/aug_N_58_0_9895.jpg,0
/content/brain_tumor_dataset/no/aug_N_57_0_6675.jpg,0
/content/brain_tumor_dataset/no/aug_N_8_0_7497.jpg,0
/content/brain_tumor_dataset/no/aug_N_1_0_6628.jpg,0
/content/brain_tumor_dataset/no/aug_N_18_0_8003.jpg,0
/content/brain_tumor_dataset/no/aug_N_60_0_6341.jpg,0
/content/brain_tumor_dataset/no/aug_N_46_0_9498.jpg,0
/content/brain_tumor_dataset/no/aug_N_7_0_1831.jpg,0
/content/brain_tumor_dataset/no/aug_N_3_0_7861.jpg,0
/content/brain_tumor_dataset/no/aug_N_71_0_5477.jpg,0
/content/brain_tumor_dataset/no/aug_N_4_0_8356.jpg,0
/content/brain_tumor_dataset/no/aug_N_6_0_9323.jpg,0
/content/brain_tumor_dataset/no/aug_N_3_0_9097.jpg,0
/content/brain_tumor_dataset/no/aug_N_92_0_7788.jpg,0
/content/brain_tumor_dataset/no/aug_N_27_0_7261.jpg,0
/content/brain_tumor_dataset/no/aug_N_61_0_8274.jpg,0
/content/brain_tumor_dataset/no/aug_N_43_0_333.jpg,0
/content/brain_tumor_dataset/no/aug_N_23_0_3971.jpg,0
/content/brain_tumor_dataset/no/aug_N_13_0_3625.jpg,0
/content/brain_tumor_dataset/no/aug_N_24_0_1782.jpg,0
/content/brain_tumor_dataset/no/aug_N_23_0_8020.jpg,0
/content/brain_tumor_dataset/no/aug_N_61_0_2255.jpg,0
/content/brain_tumor_dataset/no/aug_N_6_0_5633.jpg,0
/content/brain_tumor_dataset/no/aug_N_9_0_2351.jpg,0
/content/brain_tumor_dataset/no/aug_N_34_0_5927.jpg,0
/content/brain_tumor_dataset/no/aug_N_2_0_4463.jpg,0
/content/brain_tumor_dataset/no/aug_N_98_0_170.jpg,0
/content/brain_tumor_dataset/no/aug_N_44_0_4908.jpg,0
/content/brain_tumor_dataset/no/aug_N_78_0_8940.jpg,0
/content/brain_tumor_dataset/no/aug_N_88_0_4431.jpg,0
/content/brain_tumor_dataset/no/aug_N_56_0_8892.jpg,0
/content/brain_tumor_dataset/no/aug_N_18_0_3185.jpg,0
/content/brain_tumor_dataset/no/aug_N_32_0_6237.jpg,0
/content/brain_tumor_dataset/no/aug_N_29_0_9518.jpg,0
/content/brain_tumor_dataset/no/aug_N_8_0_3387.jpg,0
/content/brain_tumor_dataset/no/aug_N_16_0_298.jpg,0
/content/brain_tumor_dataset/no/aug_N_5_0_8641.jpg,0
/content/brain_tumor_dataset/no/aug_N_93_0_1855.jpg,0
/content/brain_tumor_dataset/no/aug_N_20_0_8566.jpg,0
/content/brain_tumor_dataset/no/aug_N_96_0_3857.jpg,0
/content/brain_tumor_dataset/no/aug_N_89_0_7084.jpg,0
/content/brain_tumor_dataset/no/aug_N_91_0_2958.jpg,0
/content/brain_tumor_dataset/no/aug_N_86_0_5477.jpg,0
/content/brain_tumor_dataset/no/aug_N_50_0_1837.jpg,0
/content/brain_tumor_dataset/no/aug_N_94_0_4258.jpg,0
/content/brain_tumor_dataset/no/aug_N_21_0_4419.jpg,0
/content/brain_tumor_dataset/no/aug_N_76_0_5761.jpg,0
/content/brain_tumor_dataset/no/aug_N_11_0_2577.jpg,0
/content/brain_tumor_dataset/no/aug_N_37_0_34.jpg,0
/content/brain_tumor_dataset/no/aug_N_97_0_8075.jpg,0
/content/brain_tumor_dataset/no/aug_N_92_0_7265.jpg,0
/content/brain_tumor_dataset/no/aug_N_25_0_4261.jpg,0
/content/brain_tumor_dataset/no/aug_N_30_0_5497.jpg,0
/content/brain_tumor_dataset/no/aug_N_33_0_4717.jpg,0
/content/brain_tumor_dataset/no/aug_N_32_0_5075.jpg,0
/content/brain_tumor_dataset/no/aug_N_45_0_784.jpg,0
/content/brain_tumor_dataset/no/aug_N_6_0_9343.jpg,0
/content/brain_tumor_dataset/no/aug_N_71_0_7696.jpg,0
/content/brain_tumor_dataset/no/aug_N_92_0_5663.jpg,0
/content/brain_tumor_dataset/no/aug_N_47_0_5907.jpg,0
/content/brain_tumor_dataset/no/aug_N_48_0_244.jpg,0
/content/brain_tumor_dataset/no/aug_N_48_0_3715.jpg,0
/content/brain_tumor_dataset/no/aug_N_60_0_6377.jpg,0
/content/brain_tumor_dataset/no/aug_N_10_0_4844.jpg,0
/content/brain_tumor_dataset/no/aug_N_10_0_4600.jpg,0
/content/brain_tumor_dataset/no/aug_N_15_0_4993.jpg,0
/content/brain_tumor_dataset/no/aug_N_34_0_4703.jpg,0
/content/brain_tumor_dataset/no/aug_N_30_0_2714.jpg,0
/content/brain_tumor_dataset/no/aug_N_83_0_2502.jpg,0
/content/brain_tumor_dataset/no/aug_N_43_0_7336.jpg,0
/content/brain_tumor_dataset/no/aug_N_85_0_5959.jpg,0
/content/brain_tumor_dataset/no/aug_N_93_0_1120.jpg,0
/content/brain_tumor_dataset/no/aug_N_86_0_7728.jpg,0
/content/brain_tumor_dataset/no/aug_N_26_0_729.jpg,0
/content/brain_tumor_dataset/no/aug_N_34_0_9337.jpg,0
/content/brain_tumor_dataset/no/aug_N_62_0_9929.jpg,0
/content/brain_tumor_dataset/no/aug_N_39_0_5254.jpg,0
/content/brain_tumor_dataset/no/aug_N_96_0_653.jpg,0
/content/brain_tumor_dataset/no/aug_N_81_0_3145.jpg,0
/content/brain_tumor_dataset/no/aug_N_53_0_9041.jpg,0
/content/brain_tumor_dataset/no/aug_N_35_0_4608.jpg,0
/content/brain_tumor_dataset/no/aug_N_73_0_1408.jpg,0
/content/brain_tumor_dataset/no/aug_N_2_0_793.jpg,0
/content/brain_tumor_dataset/no/aug_N_79_0_9326.jpg,0
/content/brain_tumor_dataset/no/aug_N_58_0_854.jpg,0
/content/brain_tumor_dataset/no/aug_N_26_0_624.jpg,0
/content/brain_tumor_dataset/no/aug_N_11_0_8690.jpg,0
/content/brain_tumor_dataset/no/aug_N_45_0_1083.jpg,0
/content/brain_tumor_dataset/no/aug_N_56_0_1364.jpg,0
/content/brain_tumor_dataset/no/aug_N_85_0_5667.jpg,0
/content/brain_tumor_dataset/no/aug_N_55_0_7889.jpg,0
/content/brain_tumor_dataset/no/aug_N_41_0_609.jpg,0
/content/brain_tumor_dataset/no/aug_N_58_0_5567.jpg,0
/content/brain_tumor_dataset/no/aug_N_4_0_2689.jpg,0
/content/brain_tumor_dataset/no/aug_N_15_0_6691.jpg,0
/content/brain_tumor_dataset/no/aug_N_49_0_595.jpg,0
/content/brain_tumor_dataset/no/aug_N_86_0_202.jpg,0
/content/brain_tumor_dataset/no/aug_N_8_0_1956.jpg,0
/content/brain_tumor_dataset/no/aug_N_51_0_5643.jpg,0
/content/brain_tumor_dataset/no/aug_N_56_0_109.jpg,0
/content/brain_tumor_dataset/no/aug_N_8_0_4481.jpg,0
/content/brain_tumor_dataset/no/aug_N_20_0_9427.jpg,0
/content/brain_tumor_dataset/no/aug_N_78_0_6581.jpg,0
/content/brain_tumor_dataset/no/aug_N_95_0_3218.jpg,0
/content/brain_tumor_dataset/no/aug_N_49_0_8921.jpg,0
/content/brain_tumor_dataset/no/aug_N_73_0_9171.jpg,0
/content/brain_tumor_dataset/no/aug_N_88_0_5724.jpg,0
/content/brain_tumor_dataset/no/aug_N_63_0_2253.jpg,0
/content/brain_tumor_dataset/no/aug_N_40_0_4438.jpg,0
/content/brain_tumor_dataset/no/aug_N_9_0_2544.jpg,0
/content/brain_tumor_dataset/no/aug_N_26_0_5346.jpg,0
/content/brain_tumor_dataset/no/aug_N_78_0_7534.jpg,0
/content/brain_tumor_dataset/no/aug_N_79_0_7204.jpg,0
/content/brain_tumor_dataset/no/aug_N_17_0_1708.jpg,0
/content/brain_tumor_dataset/no/aug_N_89_0_3340.jpg,0
/content/brain_tumor_dataset/no/aug_N_26_0_8615.jpg,0
/content/brain_tumor_dataset/no/aug_N_66_0_9504.jpg,0
/content/brain_tumor_dataset/no/aug_N_78_0_7554.jpg,0
/content/brain_tumor_dataset/no/aug_N_97_0_3795.jpg,0
/content/brain_tumor_dataset/no/aug_N_47_0_2341.jpg,0
/content/brain_tumor_dataset/no/aug_N_22_0_8861.jpg,0
/content/brain_tumor_dataset/no/aug_N_97_0_15.jpg,0
/content/brain_tumor_dataset/no/aug_N_93_0_5514.jpg,0
/content/brain_tumor_dataset/no/aug_N_74_0_469.jpg,0
/content/brain_tumor_dataset/no/aug_N_12_0_4989.jpg,0
/content/brain_tumor_dataset/no/aug_N_37_0_6016.jpg,0
/content/brain_tumor_dataset/no/aug_N_65_0_9118.jpg,0
/content/brain_tumor_dataset/no/aug_N_65_0_4147.jpg,0
/content/brain_tumor_dataset/no/aug_N_35_0_148.jpg,0
/content/brain_tumor_dataset/no/aug_N_72_0_5569.jpg,0
/content/brain_tumor_dataset/no/aug_N_94_0_4506.jpg,0
/content/brain_tumor_dataset/no/aug_N_84_0_6244.jpg,0
/content/brain_tumor_dataset/no/aug_N_49_0_3137.jpg,0
/content/brain_tumor_dataset/no/aug_N_10_0_4399.jpg,0
/content/brain_tumor_dataset/no/aug_N_74_0_9432.jpg,0
/content/brain_tumor_dataset/no/aug_N_9_0_2659.jpg,0
/content/brain_tumor_dataset/no/aug_N_4_0_8236.jpg,0
/content/brain_tumor_dataset/no/aug_N_31_0_545.jpg,0
/content/brain_tumor_dataset/no/aug_N_66_0_4549.jpg,0
/content/brain_tumor_dataset/no/aug_N_22_0_6800.jpg,0
/content/brain_tumor_dataset/no/aug_N_83_0_4839.jpg,0
/content/brain_tumor_dataset/no/aug_N_76_0_5976.jpg,0
/content/brain_tumor_dataset/no/aug_N_77_0_4100.jpg,0
/content/brain_tumor_dataset/no/aug_N_20_0_2366.jpg,0
/content/brain_tumor_dataset/no/aug_N_65_0_2211.jpg,0
/content/brain_tumor_dataset/no/aug_N_70_0_8368.jpg,0
/content/brain_tumor_dataset/no/aug_N_3_0_2134.jpg,0
/content/brain_tumor_dataset/no/aug_N_56_0_4435.jpg,0
/content/brain_tumor_dataset/no/aug_N_14_0_5853.jpg,0
/content/brain_tumor_dataset/no/aug_N_25_0_6793.jpg,0
/content/brain_tumor_dataset/no/aug_N_5_0_4561.jpg,0
/content/brain_tumor_dataset/no/aug_N_96_0_9918.jpg,0
/content/brain_tumor_dataset/no/aug_N_14_0_2580.jpg,0
/content/brain_tumor_dataset/no/aug_N_26_0_8534.jpg,0
/content/brain_tumor_dataset/no/aug_N_40_0_3631.jpg,0
/content/brain_tumor_dataset/no/aug_N_95_0_2649.jpg,0
/content/brain_tumor_dataset/no/aug_N_65_0_4136.jpg,0
/content/brain_tumor_dataset/no/aug_N_38_0_7972.jpg,0
/content/brain_tumor_dataset/no/aug_N_31_0_3892.jpg,0
/content/brain_tumor_dataset/no/aug_N_48_0_5087.jpg,0
/content/brain_tumor_dataset/no/aug_N_34_0_5740.jpg,0
/content/brain_tumor_dataset/no/aug_N_14_0_1756.jpg,0
/content/brain_tumor_dataset/no/aug_N_7_0_5292.jpg,0
/content/brain_tumor_dataset/no/aug_N_17_0_4807.jpg,0
/content/brain_tumor_dataset/no/aug_N_58_0_754.jpg,0
/content/brain_tumor_dataset/no/aug_N_9_0_225.jpg,0
/content/brain_tumor_dataset/no/aug_N_64_0_8600.jpg,0
/content/brain_tumor_dataset/no/aug_N_32_0_58.jpg,0
/content/brain_tumor_dataset/no/aug_N_4_0_3709.jpg,0
/content/brain_tumor_dataset/no/aug_N_28_0_2438.jpg,0
/content/brain_tumor_dataset/no/aug_N_59_0_3025.jpg,0
/content/brain_tumor_dataset/no/aug_N_11_0_5413.jpg,0
/content/brain_tumor_dataset/no/aug_N_54_0_7640.jpg,0
/content/brain_tumor_dataset/no/aug_N_98_0_7492.jpg,0
/content/brain_tumor_dataset/no/aug_N_23_0_5441.jpg,0
/content/brain_tumor_dataset/no/aug_N_77_0_384.jpg,0
/content/brain_tumor_dataset/no/aug_N_2_0_6762.jpg,0
/content/brain_tumor_dataset/no/aug_N_72_0_6037.jpg,0
/content/brain_tumor_dataset/no/aug_N_90_0_4370.jpg,0
/content/brain_tumor_dataset/no/aug_N_81_0_1719.jpg,0
/content/brain_tumor_dataset/no/aug_N_95_0_6640.jpg,0
/content/brain_tumor_dataset/no/aug_N_68_0_2615.jpg,0
/content/brain_tumor_dataset/no/aug_N_30_0_1808.jpg,0
/content/brain_tumor_dataset/no/aug_N_94_0_7204.jpg,0
/content/brain_tumor_dataset/no/aug_N_21_0_9520.jpg,0
/content/brain_tumor_dataset/no/aug_N_83_0_4122.jpg,0
/content/brain_tumor_dataset/no/aug_N_63_0_179.jpg,0
/content/brain_tumor_dataset/no/aug_N_3_0_1091.jpg,0
/content/brain_tumor_dataset/no/aug_N_52_0_7824.jpg,0
/content/brain_tumor_dataset/no/aug_N_25_0_2396.jpg,0
/content/brain_tumor_dataset/no/aug_N_69_0_168.jpg,0
/content/brain_tumor_dataset/no/aug_N_53_0_4882.jpg,0
/content/brain_tumor_dataset/no/aug_N_42_0_8855.jpg,0
/content/brain_tumor_dataset/no/aug_N_29_0_9917.jpg,0
/content/brain_tumor_dataset/no/aug_N_21_0_7626.jpg,0
/content/brain_tumor_dataset/no/aug_N_68_0_3091.jpg,0
/content/brain_tumor_dataset/no/aug_N_29_0_6646.jpg,0
/content/brain_tumor_dataset/no/aug_N_93_0_9861.jpg,0
/content/brain_tumor_dataset/no/aug_N_64_0_207.jpg,0
/content/brain_tumor_dataset/no/aug_N_40_0_6780.jpg,0
/content/brain_tumor_dataset/no/aug_N_2_0_7075.jpg,0
/content/brain_tumor_dataset/no/aug_N_84_0_9152.jpg,0
/content/brain_tumor_dataset/no/aug_N_43_0_8585.jpg,0
/content/brain_tumor_dataset/no/aug_N_73_0_1346.jpg,0
/content/brain_tumor_dataset/no/aug_N_95_0_6727.jpg,0
/content/brain_tumor_dataset/no/aug_N_37_0_7207.jpg,0
/content/brain_tumor_dataset/no/aug_N_1_0_3173.jpg,0
/content/brain_tumor_dataset/no/aug_N_9_0_8159.jpg,0
/content/brain_tumor_dataset/no/aug_N_69_0_2699.jpg,0
/content/brain_tumor_dataset/no/aug_N_90_0_8341.jpg,0
/content/brain_tumor_dataset/no/aug_N_10_0_641.jpg,0
/content/brain_tumor_dataset/no/aug_N_55_0_7402.jpg,0
/content/brain_tumor_dataset/no/aug_N_59_0_2110.jpg,0
/content/brain_tumor_dataset/no/aug_N_19_0_6341.jpg,0
/content/brain_tumor_dataset/no/aug_N_77_0_1013.jpg,0
/content/brain_tumor_dataset/no/aug_N_75_0_4600.jpg,0
/content/brain_tumor_dataset/no/aug_N_12_0_4875.jpg,0
/content/brain_tumor_dataset/no/aug_N_1_0_9242.jpg,0
/content/brain_tumor_dataset/no/aug_N_24_0_9844.jpg,0
/content/brain_tumor_dataset/no/aug_N_76_0_8549.jpg,0
/content/brain_tumor_dataset/no/aug_N_96_0_3471.jpg,0
/content/brain_tumor_dataset/no/aug_N_37_0_3406.jpg,0
/content/brain_tumor_dataset/no/aug_N_97_0_9039.jpg,0
/content/brain_tumor_dataset/no/aug_N_79_0_9135.jpg,0
/content/brain_tumor_dataset/no/aug_N_90_0_2556.jpg,0
/content/brain_tumor_dataset/no/aug_N_28_0_4012.jpg,0
/content/brain_tumor_dataset/no/aug_N_72_0_5589.jpg,0
/content/brain_tumor_dataset/no/aug_N_32_0_9868.jpg,0
/content/brain_tumor_dataset/no/aug_N_76_0_758.jpg,0
/content/brain_tumor_dataset/no/aug_N_76_0_5734.jpg,0
/content/brain_tumor_dataset/no/aug_N_22_0_2618.jpg,0
/content/brain_tumor_dataset/no/aug_N_38_0_8328.jpg,0
/content/brain_tumor_dataset/no/aug_N_46_0_6843.jpg,0
/content/brain_tumor_dataset/no/aug_N_70_0_9242.jpg,0
/content/brain_tumor_dataset/no/aug_N_13_0_3486.jpg,0
/content/brain_tumor_dataset/no/aug_N_82_0_7791.jpg,0
/content/brain_tumor_dataset/no/aug_N_36_0_8952.jpg,0
/content/brain_tumor_dataset/no/aug_N_89_0_3396.jpg,0
/content/brain_tumor_dataset/no/aug_N_84_0_8725.jpg,0
/content/brain_tumor_dataset/no/aug_N_15_0_5929.jpg,0
/content/brain_tumor_dataset/no/aug_N_87_0_5220.jpg,0
/content/brain_tumor_dataset/no/aug_N_94_0_1432.jpg,0
/content/brain_tumor_dataset/no/aug_N_16_0_5156.jpg,0
/content/brain_tumor_dataset/no/aug_N_83_0_564.jpg,0
/content/brain_tumor_dataset/no/aug_N_12_0_2091.jpg,0
/content/brain_tumor_dataset/no/aug_N_48_0_9414.jpg,0
/content/brain_tumor_dataset/no/aug_N_55_0_2826.jpg,0
/content/brain_tumor_dataset/no/aug_N_90_0_3096.jpg,0
/content/brain_tumor_dataset/no/aug_N_50_0_9354.jpg,0
/content/brain_tumor_dataset/no/aug_N_81_0_3181.jpg,0
/content/brain_tumor_dataset/no/aug_N_59_0_3284.jpg,0
/content/brain_tumor_dataset/no/aug_N_2_0_3742.jpg,0
/content/brain_tumor_dataset/no/aug_N_28_0_3995.jpg,0
/content/brain_tumor_dataset/no/aug_N_34_0_9750.jpg,0
/content/brain_tumor_dataset/no/aug_N_27_0_3273.jpg,0
/content/brain_tumor_dataset/no/aug_N_9_0_6671.jpg,0
/content/brain_tumor_dataset/no/aug_N_98_0_332.jpg,0
/content/brain_tumor_dataset/no/aug_N_68_0_4641.jpg,0
/content/brain_tumor_dataset/no/aug_N_80_0_26.jpg,0
/content/brain_tumor_dataset/no/aug_N_11_0_8928.jpg,0
/content/brain_tumor_dataset/no/aug_N_87_0_562.jpg,0
/content/brain_tumor_dataset/no/aug_N_63_0_1279.jpg,0
/content/brain_tumor_dataset/no/aug_N_81_0_8206.jpg,0
/content/brain_tumor_dataset/no/aug_N_54_0_7305.jpg,0
/content/brain_tumor_dataset/no/aug_N_31_0_1148.jpg,0
/content/brain_tumor_dataset/no/aug_N_95_0_376.jpg,0
/content/brain_tumor_dataset/no/aug_N_8_0_4739.jpg,0
/content/brain_tumor_dataset/no/aug_N_26_0_3506.jpg,0
/content/brain_tumor_dataset/no/aug_N_5_0_1433.jpg,0
/content/brain_tumor_dataset/no/aug_N_13_0_6362.jpg,0
/content/brain_tumor_dataset/no/aug_N_85_0_9304.jpg,0
/content/brain_tumor_dataset/no/aug_N_13_0_2919.jpg,0
/content/brain_tumor_dataset/no/aug_N_19_0_1206.jpg,0
/content/brain_tumor_dataset/no/aug_N_80_0_6925.jpg,0
/content/brain_tumor_dataset/no/aug_N_44_0_8268.jpg,0
/content/brain_tumor_dataset/no/aug_N_56_0_8959.jpg,0
/content/brain_tumor_dataset/no/aug_N_39_0_7397.jpg,0
/content/brain_tumor_dataset/no/aug_N_16_0_2547.jpg,0
/content/brain_tumor_dataset/no/aug_N_63_0_7527.jpg,0
/content/brain_tumor_dataset/no/aug_N_5_0_435.jpg,0
/content/brain_tumor_dataset/no/aug_N_84_0_7057.jpg,0
/content/brain_tumor_dataset/no/aug_N_58_0_8727.jpg,0
/content/brain_tumor_dataset/no/aug_N_7_0_1290.jpg,0
/content/brain_tumor_dataset/no/aug_N_28_0_7055.jpg,0
/content/brain_tumor_dataset/no/aug_N_7_0_7556.jpg,0
/content/brain_tumor_dataset/no/aug_N_40_0_1713.jpg,0
/content/brain_tumor_dataset/no/aug_N_1_0_200.jpg,0
/content/brain_tumor_dataset/no/aug_N_29_0_3161.jpg,0
/content/brain_tumor_dataset/no/aug_N_61_0_1625.jpg,0
/content/brain_tumor_dataset/no/aug_N_7_0_7261.jpg,0
/content/brain_tumor_dataset/no/aug_N_37_0_9100.jpg,0
/content/brain_tumor_dataset/no/aug_N_63_0_5689.jpg,0
/content/brain_tumor_dataset/no/aug_N_42_0_6951.jpg,0
/content/brain_tumor_dataset/no/aug_N_17_0_6306.jpg,0
/content/brain_tumor_dataset/no/aug_N_96_0_1271.jpg,0
/content/brain_tumor_dataset/no/aug_N_68_0_1583.jpg,0
/content/brain_tumor_dataset/no/aug_N_50_0_9156.jpg,0
/content/brain_tumor_dataset/no/aug_N_70_0_1424.jpg,0
/content/brain_tumor_dataset/no/aug_N_49_0_4214.jpg,0
/content/brain_tumor_dataset/no/aug_N_64_0_7679.jpg,0
/content/brain_tumor_dataset/no/aug_N_24_0_5402.jpg,0
/content/brain_tumor_dataset/no/aug_N_71_0_496.jpg,0
/content/brain_tumor_dataset/no/aug_N_59_0_1621.jpg,0
/content/brain_tumor_dataset/no/aug_N_51_0_7225.jpg,0
/content/brain_tumor_dataset/no/aug_N_87_0_9145.jpg,0
/content/brain_tumor_dataset/no/aug_N_98_0_9841.jpg,0
/content/brain_tumor_dataset/no/aug_N_74_0_8021.jpg,0
/content/brain_tumor_dataset/no/aug_N_41_0_1030.jpg,0
/content/brain_tumor_dataset/no/aug_N_85_0_4852.jpg,0
/content/brain_tumor_dataset/no/aug_N_49_0_1957.jpg,0
/content/brain_tumor_dataset/no/aug_N_61_0_4338.jpg,0
/content/brain_tumor_dataset/no/aug_N_55_0_9168.jpg,0
/content/brain_tumor_dataset/no/aug_N_61_0_4823.jpg,0
/content/brain_tumor_dataset/no/aug_N_6_0_9564.jpg,0
/content/brain_tumor_dataset/no/aug_N_33_0_61.jpg,0
/content/brain_tumor_dataset/no/aug_N_62_0_6261.jpg,0
/content/brain_tumor_dataset/no/aug_N_90_0_453.jpg,0
/content/brain_tumor_dataset/no/aug_N_48_0_9017.jpg,0
/content/brain_tumor_dataset/no/aug_N_36_0_7023.jpg,0
/content/brain_tumor_dataset/no/aug_N_69_0_3206.jpg,0
/content/brain_tumor_dataset/no/aug_N_72_0_1575.jpg,0
/content/brain_tumor_dataset/no/aug_N_73_0_7930.jpg,0
/content/brain_tumor_dataset/no/aug_N_93_0_8775.jpg,0
/content/brain_tumor_dataset/no/aug_N_81_0_4816.jpg,0
/content/brain_tumor_dataset/no/aug_N_39_0_905.jpg,0
/content/brain_tumor_dataset/no/aug_N_52_0_705.jpg,0
/content/brain_tumor_dataset/no/aug_N_46_0_6620.jpg,0
/content/brain_tumor_dataset/no/aug_N_80_0_7363.jpg,0
/content/brain_tumor_dataset/no/aug_N_88_0_4574.jpg,0
/content/brain_tumor_dataset/no/aug_N_23_0_8793.jpg,0
/content/brain_tumor_dataset/no/aug_N_80_0_1686.jpg,0
/content/brain_tumor_dataset/no/aug_N_49_0_1968.jpg,0
/content/brain_tumor_dataset/no/aug_N_86_0_751.jpg,0
/content/brain_tumor_dataset/no/aug_N_49_0_8826.jpg,0
/content/brain_tumor_dataset/no/aug_N_45_0_185.jpg,0
/content/brain_tumor_dataset/no/aug_N_1_0_8827.jpg,0
/content/brain_tumor_dataset/no/aug_N_36_0_7136.jpg,0
/content/brain_tumor_dataset/no/aug_N_53_0_7717.jpg,0
/content/brain_tumor_dataset/no/aug_N_60_0_8703.jpg,0
/content/brain_tumor_dataset/no/aug_N_83_0_7961.jpg,0
/content/brain_tumor_dataset/no/aug_N_98_0_6361.jpg,0
/content/brain_tumor_dataset/no/aug_N_34_0_4357.jpg,0
/content/brain_tumor_dataset/no/aug_N_2_0_2689.jpg,0
/content/brain_tumor_dataset/no/aug_N_81_0_7248.jpg,0
/content/brain_tumor_dataset/no/aug_N_60_0_9106.jpg,0
/content/brain_tumor_dataset/no/aug_N_87_0_3202.jpg,0
/content/brain_tumor_dataset/no/aug_N_2_0_8191.jpg,0
/content/brain_tumor_dataset/no/aug_N_90_0_2921.jpg,0
/content/brain_tumor_dataset/no/aug_N_52_0_6665.jpg,0
/content/brain_tumor_dataset/no/aug_N_7_0_2697.jpg,0
/content/brain_tumor_dataset/no/aug_N_67_0_3863.jpg,0
/content/brain_tumor_dataset/no/aug_N_5_0_2784.jpg,0
/content/brain_tumor_dataset/no/aug_N_14_0_2636.jpg,0
/content/brain_tumor_dataset/no/aug_N_16_0_7022.jpg,0
/content/brain_tumor_dataset/no/aug_N_41_0_1402.jpg,0
/content/brain_tumor_dataset/no/aug_N_66_0_4416.jpg,0
/content/brain_tumor_dataset/no/aug_N_92_0_9806.jpg,0
/content/brain_tumor_dataset/no/aug_N_7_0_2061.jpg,0
/content/brain_tumor_dataset/no/aug_N_57_0_5668.jpg,0
/content/brain_tumor_dataset/no/aug_N_42_0_3472.jpg,0
/content/brain_tumor_dataset/no/aug_N_12_0_1564.jpg,0
/content/brain_tumor_dataset/no/aug_N_30_0_8824.jpg,0
/content/brain_tumor_dataset/no/aug_N_64_0_4014.jpg,0
/content/brain_tumor_dataset/no/aug_N_10_0_4207.jpg,0
/content/brain_tumor_dataset/no/aug_N_36_0_7809.jpg,0
/content/brain_tumor_dataset/no/aug_N_12_0_209.jpg,0
/content/brain_tumor_dataset/no/aug_N_75_0_2253.jpg,0
/content/brain_tumor_dataset/no/aug_N_91_0_3980.jpg,0
/content/brain_tumor_dataset/no/aug_N_89_0_3242.jpg,0
/content/brain_tumor_dataset/no/aug_N_17_0_6146.jpg,0
/content/brain_tumor_dataset/no/aug_N_9_0_3007.jpg,0
/content/brain_tumor_dataset/no/aug_N_82_0_8959.jpg,0
/content/brain_tumor_dataset/no/aug_N_13_0_7122.jpg,0
/content/brain_tumor_dataset/no/aug_N_80_0_9221.jpg,0
/content/brain_tumor_dataset/no/aug_N_16_0_9527.jpg,0
/content/brain_tumor_dataset/no/aug_N_41_0_2150.jpg,0
/content/brain_tumor_dataset/no/aug_N_70_0_6430.jpg,0
/content/brain_tumor_dataset/no/aug_N_41_0_3479.jpg,0
/content/brain_tumor_dataset/no/aug_N_82_0_3168.jpg,0
/content/brain_tumor_dataset/no/aug_N_57_0_2292.jpg,0
/content/brain_tumor_dataset/no/aug_N_3_0_131.jpg,0
/content/brain_tumor_dataset/no/aug_N_64_0_7340.jpg,0
/content/brain_tumor_dataset/no/aug_N_38_0_1701.jpg,0
/content/brain_tumor_dataset/no/aug_N_50_0_3455.jpg,0
/content/brain_tumor_dataset/no/aug_N_47_0_3182.jpg,0
/content/brain_tumor_dataset/no/aug_N_66_0_477.jpg,0
/content/brain_tumor_dataset/no/aug_N_60_0_2397.jpg,0
/content/brain_tumor_dataset/no/aug_N_69_0_6892.jpg,0
/content/brain_tumor_dataset/no/aug_N_59_0_6756.jpg,0
/content/brain_tumor_dataset/no/aug_N_44_0_5383.jpg,0
/content/brain_tumor_dataset/no/aug_N_62_0_1327.jpg,0
/content/brain_tumor_dataset/no/aug_N_20_0_5332.jpg,0
/content/brain_tumor_dataset/no/aug_N_89_0_2584.jpg,0
/content/brain_tumor_dataset/no/aug_N_87_0_1271.jpg,0
/content/brain_tumor_dataset/no/aug_N_33_0_6679.jpg,0
/content/brain_tumor_dataset/no/aug_N_8_0_47.jpg,0
/content/brain_tumor_dataset/no/aug_N_44_0_6953.jpg,0
/content/brain_tumor_dataset/no/aug_N_18_0_2026.jpg,0
/content/brain_tumor_dataset/no/aug_N_8_0_9268.jpg,0
/content/brain_tumor_dataset/no/aug_N_88_0_6790.jpg,0
/content/brain_tumor_dataset/no/aug_N_13_0_1397.jpg,0
/content/brain_tumor_dataset/no/aug_N_59_0_2899.jpg,0
/content/brain_tumor_dataset/no/aug_N_47_0_3411.jpg,0
/content/brain_tumor_dataset/no/aug_N_11_0_4748.jpg,0
/content/brain_tumor_dataset/no/aug_N_95_0_9025.jpg,0
/content/brain_tumor_dataset/no/aug_N_48_0_9839.jpg,0
/content/brain_tumor_dataset/no/aug_N_77_0_7694.jpg,0
/content/brain_tumor_dataset/no/aug_N_53_0_5308.jpg,0
/content/brain_tumor_dataset/no/aug_N_82_0_3489.jpg,0
/content/brain_tumor_dataset/no/aug_N_73_0_3841.jpg,0
/content/brain_tumor_dataset/no/aug_N_98_0_3587.jpg,0
/content/brain_tumor_dataset/no/aug_N_77_0_2344.jpg,0
/content/brain_tumor_dataset/no/aug_N_14_0_4982.jpg,0
/content/brain_tumor_dataset/no/aug_N_34_0_2452.jpg,0
/content/brain_tumor_dataset/no/aug_N_17_0_2146.jpg,0
/content/brain_tumor_dataset/no/aug_N_80_0_1106.jpg,0
/content/brain_tumor_dataset/no/aug_N_70_0_1503.jpg,0
/content/brain_tumor_dataset/no/aug_N_59_0_59.jpg,0
/content/brain_tumor_dataset/no/aug_N_33_0_8372.jpg,0
/content/brain_tumor_dataset/no/aug_N_47_0_5199.jpg,0
/content/brain_tumor_dataset/no/aug_N_64_0_7539.jpg,0
/content/brain_tumor_dataset/no/aug_N_61_0_3846.jpg,0
/content/brain_tumor_dataset/no/aug_N_69_0_9186.jpg,0
/content/brain_tumor_dataset/no/aug_N_78_0_8170.jpg,0
/content/brain_tumor_dataset/no/aug_N_86_0_9882.jpg,0
/content/brain_tumor_dataset/no/aug_N_30_0_8444.jpg,0
/content/brain_tumor_dataset/no/aug_N_36_0_2437.jpg,0
/content/brain_tumor_dataset/no/aug_N_18_0_6407.jpg,0
/content/brain_tumor_dataset/no/aug_N_87_0_885.jpg,0
/content/brain_tumor_dataset/no/aug_N_6_0_6679.jpg,0
/content/brain_tumor_dataset/no/aug_N_94_0_1550.jpg,0
/content/brain_tumor_dataset/no/aug_N_93_0_4656.jpg,0
/content/brain_tumor_dataset/no/aug_N_20_0_5632.jpg,0
/content/brain_tumor_dataset/no/aug_N_94_0_8282.jpg,0
/content/brain_tumor_dataset/no/aug_N_33_0_9754.jpg,0
/content/brain_tumor_dataset/no/aug_N_96_0_7185.jpg,0
/content/brain_tumor_dataset/no/aug_N_20_0_142.jpg,0
/content/brain_tumor_dataset/no/aug_N_37_0_5200.jpg,0
/content/brain_tumor_dataset/no/aug_N_9_0_7270.jpg,0
/content/brain_tumor_dataset/no/aug_N_31_0_5488.jpg,0
/content/brain_tumor_dataset/no/aug_N_93_0_6675.jpg,0
/content/brain_tumor_dataset/no/aug_N_8_0_2500.jpg,0
/content/brain_tumor_dataset/no/aug_N_88_0_3724.jpg,0
/content/brain_tumor_dataset/no/aug_N_38_0_9935.jpg,0
/content/brain_tumor_dataset/no/aug_N_87_0_5008.jpg,0
/content/brain_tumor_dataset/no/aug_N_48_0_1689.jpg,0
/content/brain_tumor_dataset/no/aug_N_4_0_4235.jpg,0
/content/brain_tumor_dataset/no/aug_N_29_0_1411.jpg,0
/content/brain_tumor_dataset/no/aug_N_23_0_8473.jpg,0
/content/brain_tumor_dataset/no/aug_N_63_0_5269.jpg,0
/content/brain_tumor_dataset/no/aug_N_68_0_5097.jpg,0
/content/brain_tumor_dataset/no/aug_N_89_0_492.jpg,0
/content/brain_tumor_dataset/no/aug_N_92_0_6081.jpg,0
/content/brain_tumor_dataset/no/aug_N_59_0_1231.jpg,0
/content/brain_tumor_dataset/no/aug_N_38_0_8795.jpg,0
/content/brain_tumor_dataset/no/aug_N_57_0_8118.jpg,0
/content/brain_tumor_dataset/no/aug_N_82_0_1784.jpg,0
/content/brain_tumor_dataset/no/aug_N_70_0_1759.jpg,0
/content/brain_tumor_dataset/no/aug_N_44_0_3736.jpg,0
/content/brain_tumor_dataset/no/aug_N_15_0_5189.jpg,0
/content/brain_tumor_dataset/no/aug_N_95_0_9254.jpg,0
/content/brain_tumor_dataset/no/aug_N_3_0_8408.jpg,0
/content/brain_tumor_dataset/no/aug_N_17_0_5284.jpg,0
/content/brain_tumor_dataset/no/aug_N_91_0_9802.jpg,0
/content/brain_tumor_dataset/no/aug_N_77_0_7848.jpg,0
/content/brain_tumor_dataset/no/aug_N_6_0_1138.jpg,0
/content/brain_tumor_dataset/no/aug_N_73_0_2511.jpg,0
/content/brain_tumor_dataset/no/aug_N_77_0_3479.jpg,0
/content/brain_tumor_dataset/no/aug_N_16_0_84.jpg,0
/content/brain_tumor_dataset/no/aug_N_35_0_3743.jpg,0
/content/brain_tumor_dataset/no/aug_N_91_0_8147.jpg,0
/content/brain_tumor_dataset/no/aug_N_16_0_3771.jpg,0
/content/brain_tumor_dataset/no/aug_N_35_0_3025.jpg,0
/content/brain_tumor_dataset/no/aug_N_22_0_580.jpg,0
/content/brain_tumor_dataset/no/aug_N_54_0_736.jpg,0
/content/brain_tumor_dataset/no/aug_N_38_0_1842.jpg,0
/content/brain_tumor_dataset/no/aug_N_51_0_4543.jpg,0
/content/brain_tumor_dataset/no/aug_N_10_0_3023.jpg,0
/content/brain_tumor_dataset/no/aug_N_72_0_318.jpg,0
/content/brain_tumor_dataset/no/aug_N_41_0_256.jpg,0
/content/brain_tumor_dataset/no/aug_N_75_0_6798.jpg,0
/content/brain_tumor_dataset/no/aug_N_71_0_9726.jpg,0
/content/brain_tumor_dataset/no/aug_N_65_0_3858.jpg,0
/content/brain_tumor_dataset/no/aug_N_13_0_4831.jpg,0
/content/brain_tumor_dataset/no/aug_N_43_0_8411.jpg,0
/content/brain_tumor_dataset/no/aug_N_62_0_6272.jpg,0
/content/brain_tumor_dataset/no/aug_N_54_0_5137.jpg,0
/content/brain_tumor_dataset/no/aug_N_97_0_8976.jpg,0
/content/brain_tumor_dataset/no/aug_N_55_0_988.jpg,0
/content/brain_tumor_dataset/no/aug_N_17_0_6534.jpg,0
/content/brain_tumor_dataset/no/aug_N_19_0_9220.jpg,0
/content/brain_tumor_dataset/no/aug_N_76_0_8484.jpg,0
/content/brain_tumor_dataset/no/aug_N_35_0_1405.jpg,0
/content/brain_tumor_dataset/no/aug_N_48_0_9812.jpg,0
/content/brain_tumor_dataset/no/aug_N_95_0_5054.jpg,0
/content/brain_tumor_dataset/no/aug_N_27_0_1453.jpg,0
/content/brain_tumor_dataset/no/aug_N_62_0_60.jpg,0
/content/brain_tumor_dataset/no/aug_N_31_0_6151.jpg,0
/content/brain_tumor_dataset/no/aug_N_73_0_4103.jpg,0
/content/brain_tumor_dataset/no/aug_N_37_0_8061.jpg,0
/content/brain_tumor_dataset/no/aug_N_68_0_4145.jpg,0
/content/brain_tumor_dataset/no/aug_N_33_0_3756.jpg,0
/content/brain_tumor_dataset/no/aug_N_80_0_8235.jpg,0
/content/brain_tumor_dataset/no/aug_N_39_0_6353.jpg,0
/content/brain_tumor_dataset/no/aug_N_46_0_4419.jpg,0
/content/brain_tumor_dataset/no/aug_N_12_0_2072.jpg,0
/content/brain_tumor_dataset/no/aug_N_94_0_4071.jpg,0
/content/brain_tumor_dataset/no/aug_N_10_0_5283.jpg,0
/content/brain_tumor_dataset/no/aug_N_75_0_5856.jpg,0
/content/brain_tumor_dataset/no/aug_N_6_0_4476.jpg,0
/content/brain_tumor_dataset/no/aug_N_31_0_9786.jpg,0
/content/brain_tumor_dataset/no/aug_N_11_0_1479.jpg,0
/content/brain_tumor_dataset/no/aug_N_23_0_7950.jpg,0
/content/brain_tumor_dataset/no/aug_N_21_0_4503.jpg,0
/content/brain_tumor_dataset/no/aug_N_46_0_5899.jpg,0
/content/brain_tumor_dataset/no/aug_N_89_0_3036.jpg,0
/content/brain_tumor_dataset/no/aug_N_55_0_6153.jpg,0
/content/brain_tumor_dataset/no/aug_N_25_0_3120.jpg,0
/content/brain_tumor_dataset/no/aug_N_60_0_6365.jpg,0
/content/brain_tumor_dataset/no/aug_N_28_0_3265.jpg,0
/content/brain_tumor_dataset/no/aug_N_12_0_943.jpg,0
/content/brain_tumor_dataset/no/aug_N_88_0_5439.jpg,0
/content/brain_tumor_dataset/no/aug_N_14_0_5647.jpg,0
/content/brain_tumor_dataset/no/aug_N_29_0_6876.jpg,0
/content/brain_tumor_dataset/no/aug_N_96_0_8743.jpg,0
/content/brain_tumor_dataset/no/aug_N_70_0_7694.jpg,0
/content/brain_tumor_dataset/no/aug_N_15_0_5096.jpg,0
/content/brain_tumor_dataset/no/aug_N_83_0_5414.jpg,0
/content/brain_tumor_dataset/no/aug_N_14_0_8796.jpg,0
/content/brain_tumor_dataset/no/aug_N_94_0_5889.jpg,0
/content/brain_tumor_dataset/no/aug_N_14_0_7561.jpg,0
/content/brain_tumor_dataset/no/aug_N_22_0_9355.jpg,0
/content/brain_tumor_dataset/no/aug_N_36_0_9892.jpg,0
/content/brain_tumor_dataset/no/aug_N_76_0_4059.jpg,0
/content/brain_tumor_dataset/no/aug_N_58_0_5082.jpg,0
/content/brain_tumor_dataset/no/aug_N_19_0_5543.jpg,0
/content/brain_tumor_dataset/no/aug_N_53_0_4904.jpg,0
/content/brain_tumor_dataset/no/aug_N_67_0_7350.jpg,0
/content/brain_tumor_dataset/no/aug_N_4_0_2846.jpg,0
/content/brain_tumor_dataset/no/aug_N_24_0_6806.jpg,0
/content/brain_tumor_dataset/no/aug_N_51_0_327.jpg,0
/content/brain_tumor_dataset/no/aug_N_74_0_9624.jpg,0
/content/brain_tumor_dataset/no/aug_N_28_0_8339.jpg,0
/content/brain_tumor_dataset/no/aug_N_40_0_447.jpg,0
/content/brain_tumor_dataset/no/aug_N_56_0_5001.jpg,0
/content/brain_tumor_dataset/no/aug_N_27_0_6864.jpg,0
/content/brain_tumor_dataset/no/aug_N_19_0_2141.jpg,0
/content/brain_tumor_dataset/no/aug_N_71_0_5314.jpg,0
/content/brain_tumor_dataset/no/aug_N_55_0_2133.jpg,0
/content/brain_tumor_dataset/no/aug_N_9_0_1485.jpg,0
/content/brain_tumor_dataset/no/aug_N_30_0_4445.jpg,0
/content/brain_tumor_dataset/no/aug_N_53_0_7615.jpg,0
/content/brain_tumor_dataset/no/aug_N_69_0_3249.jpg,0
/content/brain_tumor_dataset/no/aug_N_45_0_798.jpg,0
/content/brain_tumor_dataset/no/aug_N_35_0_9635.jpg,0
/content/brain_tumor_dataset/no/aug_N_43_0_4202.jpg,0
/content/brain_tumor_dataset/no/aug_N_96_0_2253.jpg,0
/content/brain_tumor_dataset/no/aug_N_79_0_7017.jpg,0
/content/brain_tumor_dataset/no/aug_N_52_0_6193.jpg,0
/content/brain_tumor_dataset/no/aug_N_21_0_7758.jpg,0
/content/brain_tumor_dataset/no/aug_N_10_0_6303.jpg,0
/content/brain_tumor_dataset/no/aug_N_72_0_1370.jpg,0
/content/brain_tumor_dataset/no/aug_N_85_0_3244.jpg,0
/content/brain_tumor_dataset/no/aug_N_92_0_1288.jpg,0
/content/brain_tumor_dataset/no/aug_N_68_0_9655.jpg,0
/content/brain_tumor_dataset/no/aug_N_98_0_2683.jpg,0
/content/brain_tumor_dataset/no/aug_N_19_0_5945.jpg,0
/content/brain_tumor_dataset/no/aug_N_59_0_1560.jpg,0
/content/brain_tumor_dataset/no/aug_N_44_0_5319.jpg,0
/content/brain_tumor_dataset/no/aug_N_48_0_4407.jpg,0
/content/brain_tumor_dataset/no/aug_N_12_0_6594.jpg,0
/content/brain_tumor_dataset/no/aug_N_51_0_5118.jpg,0
/content/brain_tumor_dataset/no/aug_N_60_0_3895.jpg,0
/content/brain_tumor_dataset/no/aug_N_78_0_8366.jpg,0
/content/brain_tumor_dataset/no/aug_N_16_0_5878.jpg,0
/content/brain_tumor_dataset/no/aug_N_50_0_4446.jpg,0
/content/brain_tumor_dataset/no/aug_N_24_0_7080.jpg,0
/content/brain_tumor_dataset/no/aug_N_29_0_5020.jpg,0
/content/brain_tumor_dataset/no/aug_N_1_0_9036.jpg,0
/content/brain_tumor_dataset/no/aug_N_18_0_9450.jpg,0
/content/brain_tumor_dataset/no/aug_N_52_0_8833.jpg,0
/content/brain_tumor_dataset/no/aug_N_36_0_545.jpg,0
/content/brain_tumor_dataset/no/aug_N_67_0_61.jpg,0
/content/brain_tumor_dataset/no/aug_N_20_0_8593.jpg,0
/content/brain_tumor_dataset/no/aug_N_11_0_9318.jpg,0
/content/brain_tumor_dataset/no/aug_N_61_0_1743.jpg,0
/content/brain_tumor_dataset/no/aug_N_24_0_8702.jpg,0
/content/brain_tumor_dataset/no/aug_N_84_0_4313.jpg,0
/content/brain_tumor_dataset/no/aug_N_42_0_6675.jpg,0
/content/brain_tumor_dataset/no/aug_N_5_0_6132.jpg,0
/content/brain_tumor_dataset/no/aug_N_27_0_518.jpg,0
/content/brain_tumor_dataset/no/aug_N_26_0_6590.jpg,0
/content/brain_tumor_dataset/no/aug_N_90_0_6871.jpg,0
/content/brain_tumor_dataset/no/aug_N_1_0_8440.jpg,0
/content/brain_tumor_dataset/no/aug_N_11_0_7044.jpg,0
/content/brain_tumor_dataset/no/aug_N_45_0_1356.jpg,0
/content/brain_tumor_dataset/no/aug_N_50_0_1126.jpg,0
/content/brain_tumor_dataset/no/aug_N_51_0_3227.jpg,0
/content/brain_tumor_dataset/no/aug_N_76_0_1214.jpg,0
/content/brain_tumor_dataset/no/aug_N_18_0_5593.jpg,0
/content/brain_tumor_dataset/no/aug_N_36_0_7305.jpg,0
/content/brain_tumor_dataset/no/aug_N_25_0_8084.jpg,0
/content/brain_tumor_dataset/no/aug_N_87_0_1882.jpg,0
/content/brain_tumor_dataset/no/aug_N_73_0_2740.jpg,0
/content/brain_tumor_dataset/no/aug_N_43_0_8217.jpg,0
/content/brain_tumor_dataset/no/aug_N_39_0_645.jpg,0
/content/brain_tumor_dataset/no/aug_N_35_0_3436.jpg,0
/content/brain_tumor_dataset/no/aug_N_38_0_5012.jpg,0
/content/brain_tumor_dataset/no/aug_N_83_0_3112.jpg,0
/content/brain_tumor_dataset/no/aug_N_7_0_5842.jpg,0
/content/brain_tumor_dataset/no/aug_N_33_0_4687.jpg,0
/content/brain_tumor_dataset/no/aug_N_53_0_439.jpg,0
/content/brain_tumor_dataset/no/aug_N_58_0_7156.jpg,0
/content/brain_tumor_dataset/no/aug_N_92_0_5263.jpg,0
/content/brain_tumor_dataset/no/aug_N_96_0_8648.jpg,0
/content/brain_tumor_dataset/no/aug_N_42_0_4898.jpg,0
/content/brain_tumor_dataset/no/aug_N_21_0_3867.jpg,0
/content/brain_tumor_dataset/no/aug_N_20_0_3930.jpg,0
/content/brain_tumor_dataset/no/aug_N_15_0_2085.jpg,0
/content/brain_tumor_dataset/no/aug_N_47_0_7947.jpg,0
/content/brain_tumor_dataset/no/aug_N_18_0_657.jpg,0
/content/brain_tumor_dataset/no/aug_N_38_0_4743.jpg,0
/content/brain_tumor_dataset/no/aug_N_64_0_6122.jpg,0
/content/brain_tumor_dataset/no/aug_N_68_0_1675.jpg,0
/content/brain_tumor_dataset/no/aug_N_21_0_5811.jpg,0
/content/brain_tumor_dataset/no/aug_N_2_0_6555.jpg,0
/content/brain_tumor_dataset/no/aug_N_67_0_7014.jpg,0
/content/brain_tumor_dataset/no/aug_N_50_0_1546.jpg,0
/content/brain_tumor_dataset/no/aug_N_84_0_3423.jpg,0
/content/brain_tumor_dataset/no/aug_N_1_0_4741.jpg,0
/content/brain_tumor_dataset/no/aug_N_4_0_2428.jpg,0
/content/brain_tumor_dataset/no/aug_N_82_0_4209.jpg,0
/content/brain_tumor_dataset/no/aug_N_57_0_8539.jpg,0
/content/brain_tumor_dataset/no/aug_N_83_0_6853.jpg,0
/content/brain_tumor_dataset/no/aug_N_56_0_468.jpg,0
/content/brain_tumor_dataset/no/aug_N_95_0_2969.jpg,0
/content/brain_tumor_dataset/no/aug_N_25_0_7422.jpg,0
/content/brain_tumor_dataset/no/aug_N_27_0_9703.jpg,0
/content/brain_tumor_dataset/no/aug_N_32_0_5222.jpg,0
/content/brain_tumor_dataset/no/aug_N_5_0_5737.jpg,0
/content/brain_tumor_dataset/no/aug_N_71_0_4878.jpg,0
/content/brain_tumor_dataset/no/aug_N_41_0_6590.jpg,0
/content/brain_tumor_dataset/no/aug_N_3_0_6300.jpg,0
/content/brain_tumor_dataset/no/aug_N_23_0_1641.jpg,0
/content/brain_tumor_dataset/no/aug_N_98_0_1268.jpg,0
/content/brain_tumor_dataset/no/aug_N_87_0_506.jpg,0
/content/brain_tumor_dataset/no/aug_N_42_0_3619.jpg,0
/content/brain_tumor_dataset/no/aug_N_64_0_4312.jpg,0
/content/brain_tumor_dataset/no/aug_N_13_0_4689.jpg,0
/content/brain_tumor_dataset/no/aug_N_90_0_2375.jpg,0
/content/brain_tumor_dataset/no/aug_N_67_0_4222.jpg,0
/content/brain_tumor_dataset/no/aug_N_43_0_994.jpg,0
/content/brain_tumor_dataset/no/aug_N_49_0_8984.jpg,0
/content/brain_tumor_dataset/no/aug_N_6_0_1479.jpg,0
/content/brain_tumor_dataset/no/aug_N_17_0_5397.jpg,0
/content/brain_tumor_dataset/no/aug_N_91_0_3699.jpg,0
/content/brain_tumor_dataset/no/aug_N_63_0_5891.jpg,0
/content/brain_tumor_dataset/no/aug_N_22_0_697.jpg,0
/content/brain_tumor_dataset/no/aug_N_19_0_1610.jpg,0
/content/brain_tumor_dataset/no/aug_N_74_0_1007.jpg,0
/content/brain_tumor_dataset/no/aug_N_85_0_7142.jpg,0
/content/brain_tumor_dataset/no/aug_N_85_0_3291.jpg,0
/content/brain_tumor_dataset/no/aug_N_91_0_9171.jpg,0
/content/brain_tumor_dataset/no/aug_N_5_0_6404.jpg,0
/content/brain_tumor_dataset/no/aug_N_58_0_23.jpg,0
/content/brain_tumor_dataset/no/aug_N_82_0_7594.jpg,0
/content/brain_tumor_dataset/no/aug_N_46_0_7417.jpg,0
/content/brain_tumor_dataset/no/aug_N_74_0_9778.jpg,0
/content/brain_tumor_dataset/no/aug_N_11_0_1419.jpg,0
/content/brain_tumor_dataset/no/aug_N_50_0_9773.jpg,0
/content/brain_tumor_dataset/no/aug_N_39_0_5061.jpg,0
/content/brain_tumor_dataset/no/aug_N_75_0_2477.jpg,0
/content/brain_tumor_dataset/no/aug_N_71_0_239.jpg,0
/content/brain_tumor_dataset/no/aug_N_27_0_1794.jpg,0
/content/brain_tumor_dataset/no/aug_N_65_0_823.jpg,0
/content/brain_tumor_dataset/no/aug_N_29_0_6172.jpg,0
/content/brain_tumor_dataset/no/aug_N_37_0_8161.jpg,0
/content/brain_tumor_dataset/no/aug_N_32_0_8314.jpg,0
/content/brain_tumor_dataset/no/aug_N_78_0_9836.jpg,0
/content/brain_tumor_dataset/no/aug_N_44_0_1406.jpg,0
/content/brain_tumor_dataset/no/aug_N_67_0_5329.jpg,0
/content/brain_tumor_dataset/no/aug_N_30_0_7326.jpg,0
/content/brain_tumor_dataset/no/aug_N_70_0_624.jpg,0
/content/brain_tumor_dataset/no/aug_N_22_0_6361.jpg,0
/content/brain_tumor_dataset/no/aug_N_86_0_605.jpg,0
/content/brain_tumor_dataset/no/aug_N_29_0_4375.jpg,0
/content/brain_tumor_dataset/no/aug_N_50_0_3630.jpg,0
/content/brain_tumor_dataset/no/aug_N_25_0_7496.jpg,0
/content/brain_tumor_dataset/no/aug_N_67_0_9200.jpg,0
/content/brain_tumor_dataset/no/aug_N_81_0_9699.jpg,0
/content/brain_tumor_dataset/no/aug_N_81_0_4447.jpg,0
/content/brain_tumor_dataset/no/aug_N_31_0_8983.jpg,0
/content/brain_tumor_dataset/no/aug_N_63_0_7827.jpg,0
/content/brain_tumor_dataset/no/aug_N_28_0_6056.jpg,0
/content/brain_tumor_dataset/no/aug_N_35_0_7126.jpg,0
/content/brain_tumor_dataset/no/aug_N_98_0_7088.jpg,0
/content/brain_tumor_dataset/no/aug_N_54_0_9408.jpg,0
/content/brain_tumor_dataset/no/aug_N_52_0_2367.jpg,0
/content/brain_tumor_dataset/no/aug_N_86_0_7491.jpg,0
/content/brain_tumor_dataset/no/aug_N_40_0_4631.jpg,0
/content/brain_tumor_dataset/no/aug_N_54_0_116.jpg,0
/content/brain_tumor_dataset/no/aug_N_44_0_7845.jpg,0
/content/brain_tumor_dataset/no/aug_N_97_0_8436.jpg,0
/content/brain_tumor_dataset/no/aug_N_32_0_3724.jpg,0
/content/brain_tumor_dataset/no/aug_N_73_0_8501.jpg,0
/content/brain_tumor_dataset/no/aug_N_78_0_4106.jpg,0
/content/brain_tumor_dataset/no/aug_N_40_0_6262.jpg,0
/content/brain_tumor_dataset/no/aug_N_55_0_9705.jpg,0
/content/brain_tumor_dataset/no/aug_N_83_0_3179.jpg,0
/content/brain_tumor_dataset/no/aug_N_45_0_5014.jpg,0
/content/brain_tumor_dataset/no/aug_N_82_0_7193.jpg,0
/content/brain_tumor_dataset/no/aug_N_75_0_2864.jpg,0
/content/brain_tumor_dataset/no/aug_N_93_0_8232.jpg,0
/content/brain_tumor_dataset/no/aug_N_54_0_6469.jpg,0
/content/brain_tumor_dataset/no/aug_N_31_0_6187.jpg,0
/content/brain_tumor_dataset/no/aug_N_77_0_4733.jpg,0
/content/brain_tumor_dataset/no/aug_N_28_0_955.jpg,0
/content/brain_tumor_dataset/no/aug_N_40_0_3069.jpg,0
/content/brain_tumor_dataset/no/aug_N_57_0_143.jpg,0
/content/brain_tumor_dataset/no/aug_N_39_0_8988.jpg,0
/content/brain_tumor_dataset/no/aug_N_77_0_3473.jpg,0
/content/brain_tumor_dataset/no/aug_N_21_0_2792.jpg,0
/content/brain_tumor_dataset/no/aug_N_62_0_4405.jpg,0
/content/brain_tumor_dataset/no/aug_N_69_0_678.jpg,0
/content/brain_tumor_dataset/no/aug_N_14_0_2110.jpg,0
/content/brain_tumor_dataset/no/aug_N_74_0_1657.jpg,0
/content/brain_tumor_dataset/no/aug_N_53_0_704.jpg,0
/content/brain_tumor_dataset/no/aug_N_74_0_9497.jpg,0
/content/brain_tumor_dataset/no/aug_N_92_0_7031.jpg,0
/content/brain_tumor_dataset/no/aug_N_86_0_302.jpg,0
/content/brain_tumor_dataset/no/aug_N_24_0_8834.jpg,0
/content/brain_tumor_dataset/no/aug_N_36_0_3462.jpg,0
/content/brain_tumor_dataset/no/aug_N_7_0_1746.jpg,0
/content/brain_tumor_dataset/no/aug_N_10_0_3727.jpg,0
/content/brain_tumor_dataset/no/aug_N_84_0_7958.jpg,0
/content/brain_tumor_dataset/no/aug_N_5_0_6608.jpg,0
/content/brain_tumor_dataset/no/aug_N_32_0_2918.jpg,0
/content/brain_tumor_dataset/no/aug_N_33_0_2243.jpg,0
/content/brain_tumor_dataset/no/aug_N_18_0_4293.jpg,0
/content/brain_tumor_dataset/no/aug_N_17_0_492.jpg,0
/content/brain_tumor_dataset/no/aug_N_91_0_9496.jpg,0
/content/brain_tumor_dataset/no/aug_N_42_0_4060.jpg,0
/content/brain_tumor_dataset/no/aug_N_72_0_7406.jpg,0
/content/brain_tumor_dataset/no/aug_N_91_0_1768.jpg,0
/content/brain_tumor_dataset/no/aug_N_66_0_2506.jpg,0
/content/brain_tumor_dataset/no/aug_N_21_0_7397.jpg,0
/content/brain_tumor_dataset/no/aug_N_67_0_5656.jpg,0
/content/brain_tumor_dataset/no/aug_N_13_0_8955.jpg,0
/content/brain_tumor_dataset/no/aug_N_47_0_5407.jpg,0
/content/brain_tumor_dataset/no/aug_N_89_0_2087.jpg,0
/content/brain_tumor_dataset/no/aug_N_88_0_8994.jpg,0
/content/brain_tumor_dataset/no/aug_N_66_0_8699.jpg,0
/content/brain_tumor_dataset/no/aug_N_31_0_4966.jpg,0
/content/brain_tumor_dataset/no/aug_N_4_0_9758.jpg,0
/content/brain_tumor_dataset/no/aug_N_58_0_3693.jpg,0
/content/brain_tumor_dataset/no/aug_N_28_0_6440.jpg,0
/content/brain_tumor_dataset/no/aug_N_64_0_7346.jpg,0
/content/brain_tumor_dataset/no/aug_N_15_0_4472.jpg,0
/content/brain_tumor_dataset/no/aug_N_71_0_3929.jpg,0
/content/brain_tumor_dataset/no/aug_N_57_0_2112.jpg,0
/content/brain_tumor_dataset/no/aug_N_22_0_1932.jpg,0
/content/brain_tumor_dataset/no/aug_N_42_0_5645.jpg,0
/content/brain_tumor_dataset/no/aug_N_18_0_5292.jpg,0
/content/brain_tumor_dataset/no/aug_N_27_0_6437.jpg,0
/content/brain_tumor_dataset/no/aug_N_16_0_1603.jpg,0
/content/brain_tumor_dataset/no/aug_N_51_0_2750.jpg,0
/content/brain_tumor_dataset/no/aug_N_45_0_5490.jpg,0
/content/brain_tumor_dataset/no/aug_N_22_0_4910.jpg,0
/content/brain_tumor_dataset/no/aug_N_39_0_6406.jpg,0
/content/brain_tumor_dataset/no/aug_N_53_0_2060.jpg,0
/content/brain_tumor_dataset/no/aug_N_26_0_6624.jpg,0
/content/brain_tumor_dataset/no/aug_N_97_0_2251.jpg,0
/content/brain_tumor_dataset/no/aug_N_47_0_8285.jpg,0
/content/brain_tumor_dataset/no/aug_N_54_0_1836.jpg,0
/content/brain_tumor_dataset/no/aug_N_63_0_2276.jpg,0
/content/brain_tumor_dataset/no/aug_N_56_0_2539.jpg,0
/content/brain_tumor_dataset/no/aug_N_93_0_9970.jpg,0
/content/brain_tumor_dataset/no/aug_N_23_0_771.jpg,0
/content/brain_tumor_dataset/no/aug_N_51_0_5322.jpg,0
/content/brain_tumor_dataset/no/aug_N_3_0_9506.jpg,0
/content/brain_tumor_dataset/no/aug_N_40_0_8575.jpg,0
/content/brain_tumor_dataset/no/aug_N_35_0_1966.jpg,0
/content/brain_tumor_dataset/no/aug_N_27_0_6306.jpg,0
/content/brain_tumor_dataset/no/aug_N_79_0_9443.jpg,0
/content/brain_tumor_dataset/no/aug_N_79_0_9179.jpg,0
/content/brain_tumor_dataset/no/aug_N_61_0_8000.jpg,0
/content/brain_tumor_dataset/no/aug_N_4_0_2788.jpg,0
/content/brain_tumor_dataset/no/aug_N_94_0_5416.jpg,0
/content/brain_tumor_dataset/no/aug_N_38_0_8628.jpg,0
/content/brain_tumor_dataset/no/aug_N_65_0_280.jpg,0
/content/brain_tumor_dataset/no/aug_N_62_0_4666.jpg,0
/content/brain_tumor_dataset/no/aug_N_30_0_8081.jpg,0
/content/brain_tumor_dataset/no/aug_N_82_0_3592.jpg,0
/content/brain_tumor_dataset/no/aug_N_49_0_4452.jpg,0
/content/brain_tumor_dataset/no/aug_N_88_0_1560.jpg,0
/content/brain_tumor_dataset/no/aug_N_80_0_6268.jpg,0
/content/brain_tumor_dataset/no/aug_N_66_0_8034.jpg,0
/content/brain_tumor_dataset/no/aug_N_66_0_1740.jpg,0
/content/brain_tumor_dataset/no/aug_N_69_0_4099.jpg,0
/content/brain_tumor_dataset/no/aug_N_79_0_9023.jpg,0
/content/brain_tumor_dataset/no/aug_N_65_0_9242.jpg,0
/content/brain_tumor_dataset/no/aug_N_30_0_818.jpg,0
/content/brain_tumor_dataset/no/aug_N_25_0_5584.jpg,0
/content/brain_tumor_dataset/no/aug_N_61_0_2305.jpg,0
/content/brain_tumor_dataset/no/aug_N_19_0_1318.jpg,0
/content/brain_tumor_dataset/no/aug_N_84_0_4722.jpg,0
/content/brain_tumor_dataset/no/aug_N_67_0_7896.jpg,0
/content/brain_tumor_dataset/no/aug_N_20_0_1905.jpg,0
/content/brain_tumor_dataset/no/aug_N_1_0_4934.jpg,0
/content/brain_tumor_dataset/no/aug_N_74_0_9757.jpg,0
/content/brain_tumor_dataset/no/aug_N_26_0_1293.jpg,0
/content/brain_tumor_dataset/no/aug_N_79_0_2492.jpg,0
/content/brain_tumor_dataset/no/aug_N_41_0_4729.jpg,0
/content/brain_tumor_dataset/no/aug_N_43_0_9229.jpg,0
/content/brain_tumor_dataset/no/aug_N_12_0_4226.jpg,0
/content/brain_tumor_dataset/no/aug_N_91_0_7249.jpg,0
/content/brain_tumor_dataset/no/aug_N_32_0_2615.jpg,0
/content/brain_tumor_dataset/no/aug_N_43_0_3506.jpg,0
/content/brain_tumor_dataset/no/aug_N_72_0_7656.jpg,0
/content/brain_tumor_dataset/no/aug_N_2_0_1898.jpg,0
/content/brain_tumor_dataset/no/aug_N_34_0_2757.jpg,0
/content/brain_tumor_dataset/no/aug_N_72_0_3061.jpg,0
/content/brain_tumor_dataset/no/aug_N_51_0_3268.jpg,0
/content/brain_tumor_dataset/no/aug_N_70_0_7309.jpg,0
/content/brain_tumor_dataset/no/aug_N_65_0_6571.jpg,0
/content/brain_tumor_dataset/no/aug_N_80_0_7031.jpg,0
/content/brain_tumor_dataset/no/aug_N_79_0_688.jpg,0
/content/brain_tumor_dataset/no/aug_N_75_0_3585.jpg,0
/content/brain_tumor_dataset/no/aug_N_89_0_6980.jpg,0
/content/brain_tumor_dataset/no/aug_N_85_0_9353.jpg,0
/content/brain_tumor_dataset/no/aug_N_39_0_1002.jpg,0
/content/brain_tumor_dataset/no/aug_N_34_0_7633.jpg,0
/content/brain_tumor_dataset/no/aug_N_97_0_1045.jpg,0
/content/brain_tumor_dataset/no/aug_N_78_0_6493.jpg,0
/content/brain_tumor_dataset/no/aug_N_81_0_1787.jpg,0
/content/brain_tumor_dataset/no/aug_N_75_0_899.jpg,0
/content/brain_tumor_dataset/no/aug_N_6_0_6427.jpg,0
/content/brain_tumor_dataset/no/aug_N_8_0_8394.jpg,0
/content/brain_tumor_dataset/no/aug_N_90_0_2512.jpg,0
/content/brain_tumor_dataset/no/aug_N_45_0_3040.jpg,0
/content/brain_tumor_dataset/no/aug_N_66_0_9436.jpg,0
/content/brain_tumor_dataset/no/aug_N_15_0_7064.jpg,0
/content/brain_tumor_dataset/no/aug_N_52_0_8934.jpg,0
/content/brain_tumor_dataset/no/aug_N_57_0_3235.jpg,0
/content/brain_tumor_dataset/no/aug_N_15_0_3592.jpg,0
/content/brain_tumor_dataset/no/aug_N_71_0_4416.jpg,0
/content/brain_tumor_dataset/no/aug_N_62_0_9606.jpg,0
/content/brain_tumor_dataset/no/aug_N_46_0_4918.jpg,0
/content/brain_tumor_dataset/no/aug_N_42_0_354.jpg,0
/content/brain_tumor_dataset/no/aug_N_19_0_3958.jpg,0
/content/brain_tumor_dataset/no/aug_N_46_0_2870.jpg,0
